,clouds,datetime,dewpt,dhi,dni,ghi,max_dhi,max_dni,max_ghi,max_temp,max_temp_ts,max_uv,max_wind_dir,max_wind_spd,max_wind_spd_ts,min_temp,min_temp_ts,precip,precip_gpm,pres,revision_status,rh,slp,snow,snow_depth,solar_rad,t_dhi,t_dni,t_ghi,t_solar_rad,temp,ts,wind_dir,wind_gust_spd,wind_spd
0,66,2018-12-01,-1.7,5,40,6,34,288,48,9.1,1543618800,0.6,187,8.0,1543622400,6.4,1543698000,1.0,1.0,977,final,52.4,993,0.0,,2,127,966,144,52,7.4,1543618800,187,12.8,5.5
1,64,2018-12-02,-2.8,5,38,6,33,281,46,7.3,1543777200,1.2,177,6.0,1543777200,1.4,1543723200,0.0,0.0,975,final,55.4,991,0.0,,5,123,923,135,126,5.4,1543705200,177,10.8,3.6
2,100,2018-12-03,-0.7,5,37,5,33,273,44,7.2,1543867200,0.4,142,3.0,1543867200,0.4,1543870800,4.0,4.0,971,final,80.3,986,8.0,,1,119,881,128,21,2.4,1543791600,142,4.8,1.5
3,93,2018-12-04,-0.5,5,35,5,32,266,42,2.8,1543903200,0.4,234,7.0,1543960800,-1.2,1543957200,7.5,7.5,982,final,91.0,998,37.5,,1,115,842,121,22,0.8,1543878000,234,12.8,3.9
4,87,2018-12-05,-1.9,5,34,5,32,260,41,0.7,1543996800,0.5,206,6.0,1543975200,-1.6,1543971600,8.5,8.5,994,final,90.0,1010,109.5,,2,111,804,114,39,-0.4,1543964400,206,13.6,3.7
5,79,2018-12-06,-4.6,4,32,4,31,253,39,-0.4,1544061600,1.0,189,4.0,1544061600,-6.8,1544115600,1.0,1.0,993,final,88.9,1009,15.0,,3,107,769,108,62,-3.0,1544050800,189,6.0,2.3
6,98,2018-12-07,-3.9,4,31,4,30,247,38,-1.0,1544162400,0.4,111,3.0,1544187600,-6.4,1544140800,0.0,0.0,978,final,89.3,994,0.0,,1,104,737,102,26,-2.4,1544137200,111,5.2,1.6
7,100,2018-12-08,-1.4,4,29,4,30,241,36,0.8,1544292000,0.4,52,5.0,1544295600,-2.7,1544223600,2.0,2.0,966,final,91.0,982,11.5,,0,100,707,97,12,-0.1,1544223600,52,6.4,3.3
8,99,2018-12-09,-0.6,4,28,4,29,236,35,1.4,1544382000,0.4,231,4.2,1544310000,-0.7,1544338800,12.0,12.0,968,final,93.2,984,88.0,,0,97,681,93,9,0.4,1544310000,231,5.6,2.5
9,90,2018-12-10,0.6,4,27,4,29,230,34,2.8,1544479200,0.7,282,3.0,1544472000,1.1,1544400000,0.5,0.5,988,final,87.9,1004,0.0,,2,94,657,89,49,2.3,1544396400,282,6.8,2.3
10,84,2018-12-11,-0.4,4,27,4,28,226,33,3.4,1544486400,0.9,217,3.0,1544482800,-2.8,1544565600,0.0,0.0,1008,final,90.3,1025,0.0,,3,92,636,85,82,1.0,1544482800,217,5.2,1.7
11,82,2018-12-12,-7.1,4,26,3,28,221,32,-0.8,1544569200,0.6,214,3.0,1544569200,-9.1,1544652000,0.0,0.0,1014,final,91.9,1031,0.0,,2,89,618,82,42,-6.0,1544569200,214,4.0,1.3
12,88,2018-12-13,-10.6,4,25,3,28,217,31,-6.5,1544659200,0.4,197,2.0,1544684400,-10.9,1544734800,0.0,0.0,1015,final,87.6,1033,0.0,,1,87,602,79,15,-8.9,1544655600,197,3.6,1.4
13,76,2018-12-14,-13.1,4,25,3,27,214,30,-8.1,1544803200,0.7,198,2.0,1544745600,-13.2,1544824800,0.0,0.0,1015,final,89.1,1033,0.0,,2,85,589,77,56,-11.7,1544742000,198,2.8,1.1
14,55,2018-12-15,-11.7,3,24,3,27,210,29,-3.8,1544907600,0.6,167,3.0,1544904000,-13.7,1544835600,0.0,0.0,1011,final,82.9,1029,0.0,,2,83,577,75,40,-9.3,1544828400,167,7.6,1.4
15,8,2018-12-16,-6.8,3,24,3,27,208,29,1.9,1544972400,1.3,186,6.0,1544972400,-6.9,1544914800,0.0,0.0,1000,final,58.6,1016,0.0,,3,83,567,73,73,0.4,1544914800,186,12.8,4.7
16,84,2018-12-17,-6.1,3,23,3,27,205,28,0.9,1545001200,0.4,168,4.0,1545008400,-3.7,1545055200,0.0,0.0,1001,final,75.6,1017,0.0,,1,82,559,72,14,-2.3,1545001200,168,7.2,1.4
17,54,2018-12-18,-7.1,3,23,3,26,204,28,-2.3,1545166800,0.9,85,3.0,1545120000,-7.6,1545152400,0.0,0.0,1003,final,84.0,1020,0.0,,3,81,553,71,61,-4.8,1545087600,85,8.4,1.6
18,85,2018-12-19,-5.7,3,23,3,26,202,28,4.1,1545231600,0.4,150,7.0,1545246000,-5.8,1545181200,0.0,0.0,997,final,62.8,1014,0.0,,1,81,549,70,19,0.7,1545174000,150,12.4,2.7
19,60,2018-12-20,-4.1,3,23,3,26,201,28,4.0,1545303600,0.9,190,6.0,1545282000,1.4,1545343200,0.0,0.0,996,final,58.7,1012,0.0,,1,81,547,70,27,3.2,1545260400,190,12.0,4.1
20,55,2018-12-21,-6.7,3,23,3,26,201,28,2.9,1545346800,0.6,176,4.0,1545429600,-1.8,1545429600,0.0,0.0,994,final,62.7,1010,0.0,,1,81,547,70,35,-0.5,1545346800,176,12.0,2.4
21,61,2018-12-22,-7.6,3,23,3,26,201,28,-1.2,1545433200,0.8,137,5.0,1545433200,-3.4,1545465600,0.0,0.0,992,final,66.5,1008,0.0,,2,81,548,70,58,-2.2,1545433200,137,9.2,1.9
22,60,2018-12-23,-6.4,3,23,3,26,201,28,-1.8,1545519600,1.0,98,3.0,1545530400,-5.1,1545584400,0.0,0.0,999,final,84.3,1015,0.0,,3,81,552,71,70,-4.1,1545519600,98,4.4,1.6
23,100,2018-12-24,-0.9,3,23,3,26,202,28,3.3,1545685200,0.4,203,6.0,1545670800,-4.5,1545606000,22.0,22.0,995,final,87.0,1012,48.5,,0,82,558,72,7,1.1,1545606000,203,12.4,3.8
24,99,2018-12-25,2.2,3,24,3,27,204,28,6.5,1545735600,0.4,247,10.0,1545735600,1.2,1545699600,30.5,30.5,995,final,84.3,1011,0.0,,1,83,566,73,14,4.7,1545692400,247,18.0,6.3
25,100,2018-12-26,3.1,3,24,3,27,206,29,6.5,1545836400,0.4,225,6.0,1545850800,2.8,1545814800,6.5,6.5,997,final,90.2,1013,0.0,,0,84,576,74,7,4.6,1545778800,225,13.2,3.3
26,100,2018-12-27,2.2,4,24,3,27,208,29,6.2,1545926400,0.4,205,4.0,1545933600,3.2,1545879600,7.0,7.0,994,final,86.1,1010,0.0,,0,85,588,76,8,4.3,1545865200,205,8.0,3.1
27,100,2018-12-28,2.0,4,25,3,27,211,30,5.4,1545966000,0.4,211,4.0,1546016400,1.7,1546016400,9.0,9.0,998,final,87.3,1014,0.0,,0,86,601,78,9,4.0,1545951600,211,8.8,2.8
28,93,2018-12-29,1.1,4,26,3,27,214,30,5.0,1546041600,0.5,208,5.0,1546045200,1.7,1546120800,9.0,9.0,996,final,88.3,1012,0.0,,2,88,617,81,40,2.8,1546038000,208,14.0,3.3
29,74,2018-12-30,-0.8,4,26,3,28,218,31,2.8,1546196400,0.8,197,4.0,1546156800,0.4,1546128000,12.0,12.0,1002,final,87.4,1019,39.0,,2,89,635,84,42,1.1,1546124400,197,7.2,2.8
30,93,2018-12-31,1.1,4,27,4,28,222,32,7.4,1546264800,0.4,205,8.0,1546257600,0.2,1546214400,21.0,21.0,987,final,80.8,1003,0.0,,1,91,654,87,17,4.1,1546210800,205,20.8,4.4
0,82,2019-01-01,-0.7,4,27,4,28,223,32,6.0,1546326000,0.4,264,8.0,1546362000,-0.3,1546380000,7.0,7.0,985,final,80.1,1001,0.0,,1,92,659,88,19,2.4,1546297200,264,20.0,5.0
1,85,2019-01-02,-1.0,4,28,4,29,228,33,2.6,1546466400,0.5,275,6.0,1546437600,-1.7,1546401600,5.0,5.0,1013,final,88.8,1029,5.5,,2,94,681,92,38,0.6,1546383600,275,13.2,3.6
2,100,2019-01-03,3.0,4,29,4,29,233,34,6.1,1546549200,0.4,222,8.0,1546542000,1.5,1546470000,11.0,11.0,1011,final,90.6,1028,0.0,,1,96,704,96,17,4.4,1546470000,222,17.2,4.5
3,100,2019-01-04,5.4,4,30,4,30,238,35,7.8,1546592400,0.4,241,6.0,1546585200,5.1,1546570800,15.5,15.5,1002,final,93.2,1019,0.0,,0,98,729,100,10,6.4,1546556400,241,16.4,4.1
4,100,2019-01-05,4.6,4,32,4,30,244,37,6.3,1546642800,0.4,217,4.0,1546650000,4.8,1546671600,0.0,0.0,1007,final,95.1,1023,0.0,,0,101,756,105,11,5.3,1546642800,217,8.0,2.2
5,93,2019-01-06,3.8,4,33,5,31,250,38,6.1,1546740000,0.4,218,4.0,1546783200,2.0,1546812000,2.0,2.0,1007,final,91.0,1023,0.0,,1,104,784,110,12,5.2,1546729200,218,10.8,2.9
6,99,2019-01-07,-1.1,4,34,5,31,256,40,4.3,1546822800,0.4,148,4.0,1546894800,0.9,1546894800,0.0,0.0,995,final,81.0,1012,0.0,,1,107,814,116,23,1.8,1546815600,148,7.6,2.7
7,86,2019-01-08,-1.1,5,35,5,32,263,41,2.1,1546927200,0.4,193,4.0,1546916400,0.0,1546977600,0.5,0.5,993,final,86.3,1010,3.5,,1,111,846,123,27,1.0,1546902000,193,7.6,2.2
8,88,2019-01-09,-1.7,5,37,5,33,270,43,0.7,1547071200,0.4,225,4.0,1547064000,-0.9,1547020800,1.0,1.0,1006,final,88.8,1023,13.5,,1,115,879,129,25,-0.1,1546988400,225,7.6,2.4
9,97,2019-01-10,2.0,5,38,6,33,277,45,7.8,1547139600,0.4,218,10.0,1547157600,-0.1,1547085600,7.5,7.5,992,final,84.9,1008,16.0,,1,119,915,137,18,4.4,1547074800,218,26.8,5.7
10,94,2019-01-11,-1.5,5,40,6,34,285,47,7.4,1547161200,0.4,260,10.0,1547186400,0.4,1547193600,11.5,11.5,990,final,81.1,1006,20.0,,2,124,954,145,38,1.4,1547161200,260,23.6,7.0
11,93,2019-01-12,-1.2,5,41,6,35,293,49,1.9,1547251200,0.4,223,4.0,1547251200,-1.4,1547326800,3.5,3.5,983,final,89.4,999,16.0,,1,130,995,154,15,0.4,1547247600,223,10.4,2.1
12,89,2019-01-13,-2.5,6,43,7,35,301,51,1.9,1547370000,0.7,250,7.0,1547402400,-3.2,1547402400,6.5,6.5,965,final,89.2,981,63.0,,3,136,1041,163,73,-1.0,1547334000,250,15.2,4.3
13,91,2019-01-14,-4.0,6,45,7,36,309,54,2.6,1547456400,0.5,305,8.0,1547460000,-2.9,1547420400,3.0,3.0,973,final,79.0,989,49.0,,3,142,1092,174,62,-0.7,1547420400,305,14.8,5.1
14,72,2019-01-15,-6.9,6,48,8,37,317,56,-0.8,1547506800,0.4,196,4.0,1547528400,-9.4,1547582400,2.0,2.0,979,final,85.2,996,40.0,,2,149,1147,185,42,-4.8,1547506800,196,6.8,2.2
15,94,2019-01-16,-9.4,6,50,8,38,325,59,-4.8,1547643600,0.4,141,3.0,1547593200,-11.5,1547611200,0.0,0.0,973,final,86.9,990,0.0,,2,155,1206,197,37,-7.6,1547593200,141,4.0,1.8
16,91,2019-01-17,-6.0,7,53,9,38,334,61,-0.6,1547737200,0.5,197,5.0,1547748000,-6.7,1547708400,2.0,2.0,979,final,87.3,996,45.0,,2,162,1268,210,60,-4.2,1547679600,197,11.6,3.0
17,94,2019-01-18,-3.5,7,56,9,39,343,64,-1.2,1547816400,0.6,217,5.0,1547823600,-3.6,1547776800,9.5,9.5,988,final,91.3,1004,185.5,,3,168,1333,224,82,-2.3,1547766000,217,9.6,3.0
18,80,2019-01-19,-4.0,7,58,10,40,351,67,-0.6,1547877600,0.7,230,8.0,1547877600,-3.8,1547902800,6.0,6.0,991,final,90.0,1008,115.5,,6,175,1399,238,140,-2.6,1547852400,230,11.2,3.4
19,46,2019-01-20,-6.5,8,61,11,41,360,70,-2.8,1547985600,0.9,216,4.0,1547960400,-9.6,1548014400,0.0,0.0,998,final,89.5,1015,0.0,,9,181,1467,254,226,-5.0,1547938800,216,4.8,2.4
20,86,2019-01-21,-9.6,8,64,11,42,369,74,-5.5,1548093600,0.6,149,2.0,1548097200,-11.1,1548050400,0.0,0.0,995,final,85.6,1012,0.0,,5,188,1536,270,109,-7.6,1548025200,149,4.8,1.3
21,74,2019-01-22,-10.9,8,67,12,43,378,77,-5.3,1548180000,0.4,168,3.0,1548180000,-11.1,1548133200,0.0,0.0,989,final,83.4,1006,0.0,,3,194,1605,287,72,-8.6,1548111600,168,3.6,1.4
22,81,2019-01-23,-11.4,8,70,13,44,387,81,-6.0,1548205200,0.8,129,3.0,1548266400,-11.7,1548230400,0.0,0.0,987,final,88.1,1004,0.0,,8,201,1675,305,200,-9.8,1548198000,129,3.6,1.6
23,99,2019-01-24,-10.5,9,73,13,44,396,84,-5.5,1548367200,0.4,167,2.0,1548306000,-11.7,1548284400,0.0,0.0,993,final,85.6,1010,0.0,,4,208,1745,324,88,-8.6,1548284400,167,4.0,1.2
24,33,2019-01-25,-9.4,9,76,14,45,406,88,-4.5,1548374400,1.3,139,3.0,1548421200,-9.2,1548403200,0.0,0.0,990,final,77.8,1007,0.0,,14,214,1816,343,343,-6.1,1548370800,139,10.0,1.3
25,10,2019-01-26,-10.2,9,79,15,46,415,92,-3.0,1548464400,1.3,159,6.0,1548525600,-7.1,1548540000,0.0,0.0,984,final,64.0,1001,0.0,,15,221,1886,364,364,-4.4,1548457200,159,11.6,3.2
26,82,2019-01-27,-12.3,9,81,16,47,424,96,-4.6,1548561600,0.8,179,6.0,1548594000,-7.0,1548612000,0.0,0.0,980,final,59.8,996,0.0,,7,227,1955,385,169,-5.8,1548543600,179,12.0,3.5
27,74,2019-01-28,-11.3,10,84,17,48,433,100,-2.9,1548680400,0.8,206,5.0,1548637200,-9.2,1548712800,0.0,0.0,977,final,63.0,994,0.0,,9,234,2025,407,221,-5.3,1548630000,206,8.0,3.0
28,59,2019-01-29,-12.4,10,87,18,49,442,105,-5.8,1548792000,1.2,164,4.0,1548788400,-10.1,1548745200,0.0,0.0,977,final,70.5,994,0.0,,17,241,2093,429,419,-8.0,1548716400,164,4.4,1.3
29,89,2019-01-30,-9.6,10,90,19,50,451,109,-0.7,1548885600,0.4,108,3.0,1548885600,-9.7,1548806400,0.0,0.0,981,final,70.2,998,0.0,,5,247,2162,453,113,-5.0,1548802800,108,6.0,1.7
30,98,2019-01-31,-8.6,11,93,20,51,460,113,0.5,1548903600,0.4,182,7.0,1548954000,-4.9,1548964800,0.0,0.0,988,final,55.8,1004,0.0,,5,256,2229,477,123,-0.9,1548889200,182,10.0,3.6
31,56,2019-02-01,-9.1,11,96,21,52,469,118,-0.8,1549018800,1.3,144,6.0,1549011600,-4.9,1549058400,0.0,0.0,994,final,60.0,1011,0.0,,17,266,2300,503,407,-2.4,1548975600,144,11.2,3.0
32,74,2019-02-02,-11.5,12,99,22,53,477,123,-2.6,1549065600,0.6,97,4.0,1549076400,-6.2,1549137600,0.0,0.0,994,final,61.2,1011,0.0,,10,277,2379,530,251,-5.2,1549062000,97,10.8,2.4
33,72,2019-02-03,-11.1,12,103,23,54,486,128,-5.4,1549152000,0.4,112,2.0,1549209600,-11.0,1549173600,0.0,0.0,996,final,75.9,1013,0.0,,5,288,2467,559,131,-7.5,1549148400,112,5.2,1.4
34,43,2019-02-04,-9.3,12,107,25,55,494,133,-5.5,1549278000,1.2,100,3.0,1549314000,-9.9,1549267200,0.0,0.0,995,final,89.9,1012,0.0,,20,299,2561,589,477,-7.9,1549234800,100,4.0,1.7
35,37,2019-02-05,-11.4,13,111,26,56,503,138,-7.0,1549400400,1.2,191,4.0,1549400400,-12.7,1549342800,0.0,0.0,999,final,87.1,1016,0.0,,26,310,2658,621,618,-9.6,1549321200,191,4.4,1.8
36,65,2019-02-06,-10.3,13,115,27,57,511,143,-2.0,1549490400,0.6,162,3.0,1549425600,-11.7,1549443600,2.0,2.0,993,final,78.3,1010,42.5,,7,320,2758,653,158,-7.1,1549407600,162,10.0,1.7
37,85,2019-02-07,-4.4,14,119,29,57,519,148,2.7,1549519200,1.2,165,4.0,1549501200,-4.5,1549562400,0.5,0.5,983,final,70.1,999,1.0,,21,331,2859,687,508,0.4,1549494000,165,9.6,2.3
38,100,2019-02-08,-2.6,14,123,30,58,527,153,1.3,1549580400,0.4,139,3.0,1549580400,-2.3,1549663200,1.5,1.5,975,final,86.4,991,15.5,,6,341,2959,722,141,-0.5,1549580400,139,6.0,1.4
39,98,2019-02-09,-2.5,15,127,32,59,535,159,2.6,1549684800,0.4,150,3.0,1549674000,-2.7,1549735200,0.0,0.0,966,final,78.7,982,0.0,,9,351,3058,759,205,0.9,1549666800,150,9.2,1.7
40,83,2019-02-10,-1.1,15,131,33,60,543,164,1.7,1549803600,1.0,226,3.0,1549803600,-0.9,1549771200,1.0,1.0,968,final,92.1,984,15.0,,20,360,3155,796,473,0.1,1549753200,226,5.2,2.1
41,86,2019-02-11,-2.3,15,135,35,61,550,170,0.2,1549893600,0.7,222,6.0,1549893600,-2.3,1549864800,7.5,7.5,987,final,91.5,1003,115.0,,8,370,3251,834,191,-1.0,1549839600,222,12.4,3.2
42,87,2019-02-12,-2.0,16,139,36,62,558,176,2.6,1550005200,0.4,200,5.0,1549983600,-2.3,1549947600,10.5,10.5,994,final,86.6,1011,33.5,,7,380,3345,874,157,0.0,1549926000,200,12.8,3.1
43,79,2019-02-13,0.6,16,143,38,63,565,181,5.9,1550070000,0.6,222,9.0,1550055600,1.3,1550084400,3.5,3.5,992,final,77.2,1009,0.0,,16,389,3438,914,394,4.3,1550012400,222,23.2,5.3
44,99,2019-02-14,0.3,17,147,40,64,573,187,10.3,1550134800,0.4,233,11.0,1550149200,1.8,1550098800,0.0,0.0,995,final,63.9,1011,0.0,,11,398,3528,955,254,6.7,1550098800,233,20.0,5.8
45,86,2019-02-15,3.0,17,151,42,65,580,193,7.6,1550232000,1.3,171,4.0,1550196000,1.5,1550268000,6.5,6.5,996,final,87.8,1012,0.0,,26,407,3616,997,630,4.9,1550185200,171,13.2,2.0
46,71,2019-02-16,-0.2,17,154,43,65,587,199,5.7,1550286000,0.9,210,7.0,1550289600,0.5,1550275200,2.0,2.0,992,final,81.3,1008,0.0,,30,416,3702,1040,725,2.8,1550271600,210,10.4,2.9
47,96,2019-02-17,-2.9,18,158,45,66,594,205,6.4,1550440800,0.5,141,2.0,1550401200,-0.7,1550379600,0.0,0.0,997,final,69.8,1013,0.0,,13,425,3786,1083,306,2.0,1550358000,141,5.2,1.6
48,69,2019-02-18,-1.9,18,161,47,67,601,211,9.6,1550502000,1.1,189,5.0,1550527200,2.1,1550469600,0.0,0.0,984,final,54.3,1000,0.0,,35,434,3868,1127,831,6.8,1550444400,189,6.0,2.9
49,77,2019-02-19,-1.7,19,165,49,68,607,218,7.7,1550530800,0.9,233,6.0,1550592000,1.5,1550613600,3.0,3.0,977,final,66.3,993,0.0,,32,445,3949,1172,762,4.2,1550530800,233,12.4,3.1
50,69,2019-02-20,-3.5,19,168,51,69,614,224,3.6,1550617200,0.9,152,4.0,1550700000,-0.8,1550628000,0.0,0.0,994,final,76.8,1010,0.0,,40,457,4035,1219,964,0.2,1550617200,152,8.4,2.0
51,100,2019-02-21,-2.8,20,172,53,70,620,230,2.2,1550718000,0.5,96,4.0,1550746800,-1.2,1550746800,3.5,3.5,999,final,81.8,1016,46.0,,10,471,4129,1267,245,0.2,1550703600,96,9.2,2.2
52,98,2019-02-22,0.4,20,176,55,70,627,237,4.0,1550869200,0.6,133,3.0,1550869200,-0.6,1550790000,2.0,2.0,1012,final,92.1,1028,14.0,,12,485,4234,1317,281,1.5,1550790000,133,5.6,1.3
53,100,2019-02-23,1.7,21,181,57,71,633,243,7.2,1550926800,0.5,155,3.0,1550883600,1.5,1550955600,0.0,0.0,1010,final,84.8,1027,0.0,,12,498,4346,1369,289,4.1,1550876400,155,5.6,1.5
54,79,2019-02-24,0.9,21,186,59,72,639,249,6.7,1551013200,0.9,215,10.0,1551013200,1.3,1550970000,4.0,4.0,1008,final,75.0,1025,0.0,,42,511,4460,1422,1011,5.1,1550962800,215,23.2,5.8
55,93,2019-02-25,1.5,22,191,62,73,645,256,8.3,1551106800,0.7,235,10.0,1551124800,3.1,1551081600,2.0,2.0,1011,final,72.7,1028,0.0,,16,524,4574,1476,376,6.0,1551049200,235,19.6,4.8
56,91,2019-02-26,1.9,22,195,64,74,651,263,8.5,1551196800,0.7,187,5.0,1551135600,4.1,1551171600,0.0,0.0,1009,final,75.8,1025,0.0,,17,536,4687,1532,409,5.9,1551135600,187,12.4,2.5
57,59,2019-02-27,0.0,23,200,66,74,657,269,7.9,1551268800,1.0,246,12.0,1551258000,3.3,1551301200,4.0,4.0,995,final,67.6,1011,0.0,,52,548,4798,1588,1247,5.7,1551222000,246,20.8,7.2
58,98,2019-02-28,0.1,23,204,69,75,662,276,4.2,1551312000,0.5,253,7.0,1551319200,0.1,1551387600,4.5,4.5,993,final,91.3,1009,25.5,,12,559,4906,1645,284,1.3,1551308400,253,14.8,4.0
59,77,2019-03-01,-1.4,24,213,73,77,673,289,1.2,1551448800,1.3,216,6.0,1551477600,-0.6,1551416400,4.5,4.5,995,final,89.0,1011,40.5,,56,581,5113,1762,1348,0.2,1551394800,216,12.4,3.4
60,100,2019-03-02,-1.0,25,217,76,77,678,296,1.5,1551499200,0.7,150,6.0,1551488400,-1.1,1551564000,25.5,25.5,983,final,91.2,1000,126.5,,12,592,5212,1822,277,0.2,1551481200,150,14.4,3.3
61,95,2019-03-03,-3.1,25,221,78,78,683,303,1.7,1551610800,0.7,114,4.0,1551596400,-3.5,1551585600,0.0,0.0,973,final,84.5,989,0.0,,20,603,5308,1882,478,-0.7,1551567600,114,9.2,2.3
62,66,2019-03-04,-6.0,26,225,81,79,688,309,-0.6,1551711600,1.3,47,6.0,1551715200,-7.1,1551729600,0.0,0.0,970,final,78.3,986,0.0,,41,613,5401,1943,980,-2.7,1551654000,47,8.4,4.3
63,8,2019-03-05,-12.3,26,229,84,80,693,316,-3.3,1551794400,2.1,87,5.0,1551740400,-11.4,1551769200,0.0,0.0,981,final,68.2,997,0.0,,83,623,5491,2004,2002,-7.3,1551740400,87,6.4,2.3
64,12,2019-03-06,-11.6,26,232,86,80,698,323,0.0,1551884400,2.3,105,3.0,1551880800,-13.4,1551852000,0.0,0.0,986,final,75.0,1002,0.0,,86,633,5579,2066,2066,-7.9,1551826800,105,4.8,1.7
65,98,2019-03-07,-5.1,27,236,89,81,703,330,-1.3,1551970800,0.7,43,6.0,1551960000,-8.0,1551913200,0.0,0.0,974,final,87.0,990,0.0,,24,643,5664,2129,567,-3.2,1551913200,43,6.9,3.4
66,85,2019-03-08,-5.0,27,239,91,82,708,337,1.3,1552053600,1.3,257,6.0,1552053600,-3.0,1552017600,0.0,0.0,972,final,76.7,988,0.0,,38,652,5746,2192,906,-1.3,1551999600,257,11.2,3.1
67,52,2019-03-09,-6.1,28,243,94,82,712,344,0.0,1552136400,1.5,247,4.0,1552096800,-5.0,1552168800,0.0,0.0,974,final,76.8,990,0.0,,80,663,5825,2255,1921,-2.5,1552086000,247,9.2,2.4
68,80,2019-03-10,-7.2,28,246,97,83,717,351,-1.6,1552222800,0.8,162,4.0,1552208400,-6.6,1552248000,0.0,0.0,979,final,78.4,995,0.0,,24,679,5910,2320,570,-3.9,1552172400,162,5.2,2.0
69,49,2019-03-11,-6.7,29,250,99,84,721,358,1.6,1552312800,1.8,228,3.0,1552284000,-7.9,1552262400,0.5,0.5,989,final,77.8,1006,10.0,,85,694,6011,2386,2041,-3.2,1552258800,228,6.8,2.4
70,84,2019-03-12,-7.6,30,255,102,84,726,365,0.4,1552399200,0.8,184,7.0,1552392000,-7.3,1552370400,0.0,0.0,985,final,69.0,1001,0.0,,26,708,6121,2454,626,-2.5,1552345200,184,16.8,3.3
71,100,2019-03-13,-6.2,30,260,105,85,730,372,0.7,1552482000,0.8,190,5.0,1552482000,-2.2,1552449600,0.0,0.0,972,final,69.0,988,0.0,,26,722,6236,2523,625,-1.2,1552431600,190,14.4,2.6
72,63,2019-03-14,-3.0,31,265,108,86,734,379,6.0,1552575600,1.8,196,3.0,1552546800,-2.6,1552536000,1.5,1.5,970,final,82.3,986,25.5,,86,736,6351,2593,2065,-0.3,1552518000,196,3.6,1.6
73,75,2019-03-15,-6.5,31,269,111,86,738,386,3.3,1552658400,1.2,163,4.0,1552647600,-5.9,1552687200,0.0,0.0,971,final,64.9,987,0.0,,64,749,6465,2664,1527,-0.4,1552604400,163,5.2,2.2
74,51,2019-03-16,-7.1,32,274,114,87,742,393,3.3,1552741200,1.7,144,4.0,1552719600,-8.1,1552708800,0.0,0.0,978,final,72.3,994,0.0,,78,761,6577,2735,1880,-2.7,1552690800,144,6.0,2.0
75,93,2019-03-17,-4.8,32,279,117,87,746,400,1.7,1552831200,0.8,54,7.0,1552824000,-3.0,1552795200,1.5,1.5,973,final,71.2,989,3.0,,29,773,6685,2807,702,-0.2,1552777200,54,12.0,5.0
76,65,2019-03-18,-3.3,33,283,120,88,750,407,3.6,1552921200,2.0,250,6.0,1552870800,-1.4,1552878000,0.0,0.0,987,final,75.6,1003,0.0,,105,785,6790,2880,2516,0.7,1552863600,250,12.0,2.9
77,71,2019-03-19,-4.3,33,287,123,89,753,414,5.8,1553007600,2.3,195,5.0,1553022000,-0.1,1552957200,0.5,0.5,999,final,61.3,1015,0.0,,84,797,6892,2953,2026,3.1,1552950000,195,6.4,2.9
78,92,2019-03-20,0.8,34,291,126,89,757,421,5.5,1553094000,1.0,217,8.0,1553086800,2.2,1553083200,9.5,9.5,995,final,84.3,1011,0.0,,38,808,6990,3026,914,3.2,1553036400,217,17.2,3.9
79,74,2019-03-21,-1.6,34,295,129,90,761,428,6.7,1553151600,2.4,232,8.0,1553151600,1.4,1553202000,4.0,4.0,998,final,66.4,1014,0.0,,107,819,7085,3099,2561,4.2,1553122800,232,19.6,4.6
80,96,2019-03-22,-4.4,35,299,132,90,764,434,8.8,1553270400,0.9,188,9.0,1553270400,0.9,1553223600,0.5,0.5,998,final,49.8,1014,0.0,,36,830,7176,3173,870,5.5,1553209200,188,13.6,4.6
81,81,2019-03-23,-0.7,35,303,135,91,767,441,8.5,1553306400,1.2,219,11.0,1553378400,0.3,1553367600,6.0,6.0,986,final,80.8,1002,10.0,,65,840,7264,3247,1558,2.4,1553295600,219,28.4,6.8
82,99,2019-03-24,-1.2,35,306,138,91,771,448,2.5,1553396400,0.9,172,9.0,1553385600,-1.2,1553464800,16.5,16.5,991,final,88.5,1007,90.5,,19,850,7350,3321,458,0.6,1553382000,172,20.0,2.7
83,76,2019-03-25,-2.2,36,310,141,92,774,455,2.2,1553526000,1.5,212,7.0,1553536800,-2.4,1553468400,4.0,4.0,998,final,82.5,1014,11.0,,67,860,7432,3395,1620,0.5,1553468400,212,18.4,3.8
84,91,2019-03-26,-1.2,36,313,145,93,777,461,4.0,1553634000,1.0,227,6.0,1553562000,-0.7,1553580000,5.0,5.0,999,final,84.6,1016,7.5,,43,870,7511,3469,1024,1.2,1553554800,227,15.6,3.2
85,88,2019-03-27,2.1,37,316,148,93,780,468,6.9,1553698800,1.5,219,5.0,1553698800,0.9,1553673600,4.0,4.0,1002,final,82.3,1018,0.0,,62,883,7590,3543,1478,4.9,1553641200,219,10.8,3.2
86,92,2019-03-28,1.7,37,320,151,94,783,475,13.5,1553785200,1.5,213,9.0,1553788800,4.0,1553727600,4.5,4.5,997,final,62.0,1013,0.0,,46,895,7677,3618,1115,8.9,1553727600,213,13.6,4.9
87,96,2019-03-29,1.4,38,324,154,94,786,481,11.4,1553864400,1.0,229,11.0,1553864400,1.0,1553875200,22.0,22.0,991,final,82.5,1007,11.0,,27,907,7769,3693,656,4.3,1553814000,229,16.4,4.6
88,90,2019-03-30,-0.4,38,328,157,95,789,488,4.3,1553940000,1.7,227,6.0,1553940000,-0.8,1553983200,13.0,13.0,990,final,89.5,1006,58.5,,57,919,7862,3769,1376,1.2,1553900400,227,17.6,3.1
89,81,2019-03-31,-2.4,41,346,167,95,791,495,2.0,1554040800,1.4,242,4.0,1554033600,-1.8,1554066000,4.0,4.0,1000,final,87.4,1016,43.0,,81,933,7956,3846,1866,-0.5,1553986800,242,14.0,3.6
90,94,2019-04-01,-3.2,39,336,163,95,794,501,7.1,1554127200,1.1,167,6.0,1554084000,-1.6,1554080400,3.5,3.5,1003,final,68.0,1019,23.0,,42,947,8056,3923,1005,2.2,1554069600,167,9.6,2.8
91,99,2019-04-02,-5.4,40,340,167,96,797,507,7.2,1554217200,1.1,182,4.0,1554195600,-2.3,1554166800,0.0,0.0,995,final,57.2,1011,0.0,,43,960,8159,4001,1035,2.7,1554156000,182,7.2,2.0
92,52,2019-04-03,-4.0,41,344,170,96,799,514,11.0,1554300000,2.8,190,3.0,1554246000,0.2,1554264000,0.0,0.0,993,final,50.0,1009,0.0,,147,973,8262,4079,3518,5.9,1554242400,190,6.8,2.0
93,43,2019-04-04,-1.2,41,348,173,97,802,520,8.9,1554382800,2.4,121,4.0,1554382800,0.8,1554357600,0.0,0.0,997,final,67.1,1013,0.0,,117,985,8364,4157,2796,4.4,1554328800,121,6.8,2.3
94,17,2019-04-05,-0.9,42,353,176,97,804,526,8.0,1554454800,3.6,124,6.0,1554465600,2.7,1554498000,0.0,0.0,1000,final,61.3,1016,0.0,,176,997,8463,4235,4235,6.1,1554415200,124,14.4,2.8
95,76,2019-04-06,-3.5,42,357,180,98,806,533,7.0,1554555600,2.0,202,4.0,1554501600,0.2,1554526800,0.0,0.0,999,final,60.6,1015,0.0,,113,1008,8560,4313,2724,3.5,1554501600,202,10.4,2.1
96,65,2019-04-07,-2.4,42,361,183,98,809,539,4.5,1554588000,2.2,290,4.0,1554627600,2.4,1554670800,0.0,0.0,1003,final,66.6,1020,0.0,,141,1019,8653,4392,3389,3.3,1554588000,290,12.0,2.6
97,33,2019-04-08,-5.8,43,364,186,99,811,545,5.2,1554735600,2.8,110,4.0,1554746400,-2.5,1554696000,0.0,0.0,1010,final,59.0,1026,0.0,,137,1030,8743,4469,3296,1.8,1554674400,110,9.6,2.4
98,19,2019-04-09,-8.1,43,368,189,99,813,551,3.3,1554818400,3.5,86,5.0,1554818400,-1.7,1554843600,0.0,0.0,1011,final,54.8,1027,0.0,,189,1040,8831,4547,4531,0.6,1554760800,86,7.2,2.5
99,16,2019-04-10,-10.5,44,371,193,99,815,557,2.7,1554901200,3.0,95,5.0,1554904800,-6.3,1554872400,0.0,0.0,1012,final,50.8,1029,0.0,,181,1050,8915,4624,4334,-1.3,1554847200,95,8.0,2.3
100,3,2019-04-11,-10.2,44,375,196,100,817,563,4.7,1554998400,3.9,131,3.0,1554980400,-7.3,1554955200,0.0,0.0,1015,final,49.0,1031,0.0,,196,1060,8995,4701,4701,-0.4,1554933600,131,5.6,1.7
101,11,2019-04-12,-6.6,45,378,199,100,819,568,7.1,1555081200,4.0,157,3.0,1555048800,-4.4,1555041600,0.0,0.0,1018,final,56.6,1035,0.0,,199,1070,9073,4778,4778,1.4,1555020000,157,3.2,1.8
102,17,2019-04-13,-5.6,45,381,202,101,821,574,7.8,1555167600,4.0,128,3.0,1555164000,-4.1,1555128000,0.0,0.0,1020,final,59.5,1036,0.0,,202,1080,9149,4854,4851,2.1,1555106400,128,3.6,1.6
103,0,2019-04-14,-8.8,46,384,205,101,823,580,9.9,1555254000,4.1,114,3.0,1555243200,-3.8,1555210800,0.0,0.0,1021,final,44.5,1037,0.0,,205,1093,9227,4930,4930,3.2,1555192800,114,4.0,1.5
104,0,2019-04-15,-8.2,46,388,209,101,825,585,10.7,1555344000,4.2,106,3.0,1555286400,-3.4,1555300800,0.0,0.0,1020,final,43.0,1037,0.0,,209,1104,9311,5006,5006,4.3,1555279200,106,4.0,1.6
105,0,2019-04-16,-7.4,46,392,212,102,827,591,14.5,1555426800,4.2,153,3.0,1555412400,-0.8,1555383600,0.0,0.0,1017,final,34.0,1033,0.0,,212,1116,9398,5083,5083,8.0,1555365600,153,7.6,1.8
106,1,2019-04-17,-5.0,47,395,215,102,829,596,14.2,1555513200,4.3,183,4.0,1555491600,3.3,1555470000,0.0,0.0,1018,final,35.2,1034,0.0,,215,1126,9484,5159,5159,10.0,1555452000,183,8.4,3.0
107,56,2019-04-18,-3.0,47,399,218,102,830,602,14.4,1555599600,2.2,144,3.0,1555545600,0.8,1555560000,0.0,0.0,1020,final,45.8,1036,0.0,,96,1137,9569,5234,2310,8.4,1555538400,144,6.0,1.6
108,73,2019-04-19,-0.6,48,402,221,103,832,607,17.0,1555686000,1.7,168,3.0,1555653600,5.9,1555650000,0.0,0.0,1020,final,43.5,1037,0.0,,120,1147,9652,5310,2878,11.6,1555624800,168,6.4,2.1
109,52,2019-04-20,0.6,48,405,224,103,833,612,18.2,1555768800,3.9,171,3.0,1555779600,2.3,1555732800,0.0,0.0,1013,final,54.9,1029,0.0,,163,1158,9732,5384,3919,10.1,1555711200,171,7.2,1.8
110,100,2019-04-21,4.8,49,409,227,103,835,617,10.9,1555797600,1.4,153,2.0,1555833600,6.8,1555880400,7.5,7.5,1005,final,81.6,1021,0.0,,42,1170,9812,5459,1007,7.8,1555797600,153,5.2,1.4
111,50,2019-04-22,5.3,49,412,231,104,837,623,22.0,1555948800,4.1,141,5.0,1555948800,5.4,1555905600,0.0,0.0,1001,final,68.9,1016,0.0,,207,1181,9896,5533,4961,11.7,1555884000,141,6.4,1.8
112,17,2019-04-23,1.7,50,416,234,104,838,628,20.7,1556031600,4.6,178,5.0,1556020800,3.4,1555992000,0.0,0.0,1003,final,52.5,1019,0.0,,233,1193,9982,5608,5592,12.6,1555970400,178,8.0,2.4
113,0,2019-04-24,-1.3,50,419,237,104,839,632,18.4,1556118000,4.7,175,5.0,1556103600,8.9,1556078400,0.0,0.0,1002,final,35.1,1018,0.0,,237,1203,10067,5681,5681,14.5,1556056800,175,12.4,3.2
114,53,2019-04-25,-1.0,51,423,240,104,841,637,19.6,1556197200,3.0,163,5.0,1556179200,9.3,1556150400,0.0,0.0,1000,final,34.3,1016,0.0,,179,1214,10151,5754,4292,14.7,1556143200,163,14.8,2.7
115,21,2019-04-26,3.4,51,426,243,105,842,642,19.2,1556240400,4.8,161,6.0,1556240400,8.5,1556251200,0.0,0.0,999,final,47.3,1015,0.0,,243,1224,10233,5827,5826,14.6,1556229600,161,12.4,3.2
116,18,2019-04-27,3.4,51,430,246,105,843,647,20.1,1556370000,4.1,148,4.0,1556377200,7.8,1556337600,0.0,0.0,997,final,47.9,1013,0.0,,245,1233,10312,5899,5880,15.0,1556316000,148,13.6,1.9
117,55,2019-04-28,1.8,52,433,249,105,845,651,21.7,1556456400,4.4,131,3.0,1556456400,9.8,1556424000,0.0,0.0,1004,final,38.8,1020,0.0,,196,1242,10388,5970,4702,16.0,1556402400,131,9.6,1.8
118,89,2019-04-29,5.9,52,436,252,105,846,656,18.7,1556532000,1.6,222,5.0,1556546400,7.2,1556506800,3.0,3.0,1010,final,62.3,1026,0.0,,75,1251,10462,6040,1799,13.1,1556488800,222,9.2,2.5
119,99,2019-04-30,6.5,52,439,255,106,847,660,13.5,1556618400,1.6,215,3.0,1556647200,6.4,1556658000,2.0,2.0,1006,final,81.4,1022,0.0,,68,1260,10533,6110,1639,9.7,1556575200,215,5.6,1.7
120,100,2019-05-01,3.3,53,442,257,106,848,664,7.9,1556661600,1.6,285,4.0,1556722800,3.1,1556744400,14.0,14.0,992,final,88.0,1008,0.0,,38,1270,10602,6178,923,5.1,1556661600,285,8.8,2.3
121,81,2019-05-02,-2.6,53,445,260,106,849,669,5.1,1556787600,2.0,309,6.0,1556798400,0.4,1556798400,1.0,1.0,983,final,67.9,999,0.0,,142,1280,10672,6246,3416,2.8,1556748000,309,13.6,3.0
122,69,2019-05-03,-3.6,54,448,263,106,850,673,5.1,1556892000,3.0,218,5.0,1556870400,-0.5,1556848800,0.5,0.5,986,final,70.2,1002,6.0,,193,1291,10745,6314,4635,1.8,1556834400,218,11.6,2.6
123,99,2019-05-04,0.0,54,451,266,107,851,677,4.0,1556978400,1.6,261,6.0,1557000000,0.5,1556935200,6.0,6.0,990,final,85.2,1006,4.5,,48,1301,10819,6381,1152,2.2,1556920800,261,13.2,3.1
124,96,2019-05-05,0.2,55,454,269,107,852,681,4.2,1557064800,1.6,215,5.0,1557007200,0.5,1557086400,9.0,9.0,990,final,90.1,1006,11.0,,44,1310,10894,6447,1051,1.6,1557007200,215,10.4,2.5
125,47,2019-05-06,-2.2,55,457,271,107,853,685,5.7,1557154800,2.3,249,4.0,1557154800,-1.2,1557104400,0.0,0.0,994,final,72.6,1010,0.0,,193,1319,10967,6512,4626,2.4,1557093600,249,9.2,2.1
126,72,2019-05-07,-1.1,55,460,274,107,854,689,5.8,1557244800,1.7,256,5.0,1557252000,-0.3,1557194400,1.0,1.0,991,final,76.2,1008,0.0,,124,1328,11038,6577,2967,2.8,1557180000,256,10.4,2.8
127,70,2019-05-08,-2.5,56,463,277,107,855,692,8.2,1557324000,2.7,184,5.0,1557306000,0.4,1557284400,0.0,0.0,990,final,65.8,1007,0.0,,187,1336,11106,6640,4493,3.6,1557266400,184,9.2,2.8
128,78,2019-05-09,-0.9,56,466,279,108,856,696,10.4,1557403200,1.7,141,4.0,1557403200,-1.3,1557370800,0.0,0.0,990,final,63.0,1006,0.0,,81,1344,11173,6702,1951,5.8,1557352800,141,12.4,2.1
129,97,2019-05-10,2.2,56,468,282,108,857,700,13.1,1557493200,1.7,181,6.0,1557442800,5.9,1557522000,1.0,1.0,987,final,62.2,1003,0.0,,79,1353,11236,6764,1888,9.2,1557439200,181,12.0,3.3
130,96,2019-05-11,2.2,57,471,284,108,858,703,10.4,1557586800,1.7,266,4.0,1557586800,3.1,1557547200,10.5,10.5,998,final,84.1,1014,0.0,,61,1363,11300,6824,1458,4.8,1557525600,266,9.6,2.5
131,53,2019-05-12,-1.1,57,474,287,108,858,706,7.8,1557666000,3.0,282,7.0,1557669600,2.3,1557694800,0.5,0.5,1011,final,67.5,1028,0.0,,230,1372,11365,6884,5522,4.5,1557612000,282,14.0,3.9
132,64,2019-05-13,-0.4,58,476,289,108,859,710,7.5,1557759600,3.2,232,6.0,1557741600,1.3,1557716400,1.5,1.5,1019,final,73.3,1036,0.0,,202,1381,11431,6942,4856,4.2,1557698400,232,13.2,3.1
133,99,2019-05-14,2.7,58,479,292,109,860,713,10.8,1557831600,1.8,243,3.0,1557846000,2.3,1557806400,1.5,1.5,1016,final,75.5,1033,0.0,,74,1389,11497,7000,1769,6.8,1557784800,243,10.4,2.0
134,98,2019-05-15,6.8,58,482,294,109,860,716,14.1,1557932400,1.8,119,3.0,1557928800,6.9,1557889200,0.0,0.0,1015,final,82.1,1032,0.0,,78,1397,11561,7056,1882,9.9,1557871200,119,4.4,2.0
135,75,2019-05-16,7.0,59,484,296,109,861,719,16.9,1558022400,2.1,199,2.0,1558008000,5.5,1557975600,0.0,0.0,1014,final,77.8,1031,0.0,,139,1405,11624,7112,3340,11.2,1557957600,199,4.0,1.3
136,28,2019-05-17,7.1,59,487,299,109,862,722,21.8,1558105200,5.6,53,3.0,1558105200,5.7,1558058400,0.0,0.0,1009,final,66.2,1025,0.0,,293,1412,11685,7166,7043,14.0,1558044000,53,6.8,2.0
137,87,2019-05-18,4.2,59,489,301,109,862,725,21.9,1558198800,3.9,151,6.0,1558173600,10.4,1558144800,0.0,0.0,1002,final,44.0,1018,0.0,,165,1419,11743,7219,3952,17.0,1558130400,151,11.2,2.5
138,84,2019-05-19,7.7,59,492,303,109,863,727,20.7,1558285200,3.6,115,4.0,1558270800,11.7,1558260000,1.0,1.0,998,final,62.3,1013,0.0,,154,1426,11799,7270,3703,15.0,1558216800,115,8.8,2.1
139,83,2019-05-20,9.4,60,494,305,109,863,730,20.4,1558360800,2.0,110,3.0,1558371600,11.7,1558317600,0.0,0.0,998,final,65.4,1014,0.0,,125,1432,11853,7320,3011,16.1,1558303200,110,4.4,1.9
140,51,2019-05-21,10.3,60,496,307,110,864,733,23.9,1558454400,5.3,87,3.0,1558440000,10.8,1558404000,0.0,0.0,997,final,68.3,1013,0.0,,297,1440,11905,7369,7140,16.6,1558389600,87,6.0,1.7
141,71,2019-05-22,11.9,60,498,309,110,864,735,23.9,1558540800,1.9,131,4.0,1558533600,12.6,1558490400,0.5,0.5,994,final,65.9,1009,0.0,,161,1448,11956,7417,3861,18.6,1558476000,131,8.8,1.6
142,87,2019-05-23,11.2,61,500,311,110,865,737,21.6,1558562400,2.9,198,4.0,1558609200,9.8,1558645200,2.0,2.0,990,final,82.6,1006,0.0,,136,1455,12007,7463,3254,14.2,1558562400,198,8.8,1.9
143,66,2019-05-24,6.9,61,502,313,110,865,740,17.6,1558702800,2.7,208,4.0,1558702800,6.9,1558663200,0.0,0.0,990,final,73.4,1006,0.0,,178,1462,12058,7508,4268,11.8,1558648800,208,9.6,2.5
144,84,2019-05-25,3.3,61,505,315,110,866,742,11.4,1558796400,2.3,277,4.0,1558735200,7.0,1558756800,0.0,0.0,992,final,70.4,1008,0.0,,116,1468,12109,7552,2792,8.4,1558735200,277,8.4,2.6
145,85,2019-05-26,1.1,61,507,316,110,866,744,10.1,1558886400,2.5,295,4.0,1558868400,5.2,1558828800,0.0,0.0,987,final,67.0,1003,0.0,,152,1475,12157,7595,3652,6.9,1558821600,295,10.0,2.8
146,76,2019-05-27,1.4,62,509,318,110,866,746,9.6,1558962000,2.4,259,3.0,1558969200,4.1,1558922400,1.0,1.0,984,final,72.7,1000,0.0,,129,1480,12204,7635,3104,6.0,1558908000,259,10.0,1.9
147,72,2019-05-28,0.6,62,510,320,110,867,748,9.7,1559048400,3.3,227,4.0,1559052000,2.7,1559073600,1.0,1.0,988,final,74.8,1004,0.0,,184,1486,12250,7675,4406,4.9,1558994400,227,9.2,2.1
148,91,2019-05-29,0.8,62,512,321,110,867,750,10.7,1559091600,3.0,225,5.0,1559091600,2.6,1559095200,5.5,5.5,992,final,71.7,1008,0.0,,158,1491,12293,7713,3795,5.8,1559080800,225,15.2,3.4
149,91,2019-05-30,2.3,62,514,323,110,867,752,10.2,1559214000,2.2,214,6.0,1559217600,2.5,1559185200,10.5,10.5,990,final,81.5,1006,0.0,,102,1496,12334,7749,2444,5.3,1559167200,214,9.6,2.5
150,96,2019-05-31,3.1,63,516,324,111,868,753,8.0,1559311200,1.9,225,7.0,1559311200,2.2,1559264400,15.5,15.5,994,final,89.6,1010,0.0,,76,1501,12373,7784,1831,4.7,1559253600,225,16.4,4.2
151,97,2019-06-01,3.4,63,517,326,111,868,755,13.7,1559397600,1.9,187,5.0,1559404800,3.8,1559361600,0.5,0.5,995,final,71.9,1011,0.0,,94,1507,12410,7817,2254,8.3,1559340000,187,8.4,2.7
152,88,2019-06-02,4.6,63,519,327,111,868,756,13.1,1559487600,2.2,119,4.0,1559502000,6.8,1559433600,0.0,0.0,997,final,72.8,1013,0.0,,122,1512,12445,7849,2928,9.3,1559426400,119,6.4,2.1
153,93,2019-06-03,9.4,63,520,328,111,868,758,21.5,1559566800,2.7,163,5.0,1559552400,10.2,1559512800,7.0,7.0,986,final,68.7,1002,0.0,,146,1517,12480,7879,3504,15.3,1559512800,163,9.6,3.1
154,76,2019-06-04,9.1,63,521,329,111,868,759,19.3,1559649600,4.0,111,5.0,1559664000,9.3,1559617200,12.5,12.5,991,final,75.9,1006,0.0,,208,1522,12514,7908,4985,13.5,1559599200,111,7.6,2.1
155,68,2019-06-05,8.1,64,523,331,111,869,760,19.4,1559746800,3.3,138,5.0,1559754000,7.2,1559696400,1.0,1.0,995,final,74.5,1010,0.0,,176,1526,12546,7935,4235,12.9,1559685600,138,13.2,2.3
156,36,2019-06-06,10.7,64,524,332,111,869,762,26.7,1559836800,5.7,128,4.0,1559840400,11.6,1559793600,0.0,0.0,997,final,59.7,1012,0.0,,322,1530,12577,7960,7730,19.1,1559772000,128,9.2,2.5
157,88,2019-06-07,10.5,64,525,333,111,869,763,25.4,1559858400,2.0,254,5.0,1559858400,10.1,1559941200,4.0,4.0,997,final,78.8,1013,0.0,,103,1534,12606,7984,2480,14.5,1559858400,254,11.2,2.6
158,79,2019-06-08,11.1,64,526,334,111,869,764,21.6,1560013200,4.9,106,5.0,1559988000,9.6,1559955600,3.0,3.0,996,final,81.5,1011,0.0,,194,1537,12633,8006,4649,14.4,1559944800,106,7.2,2.3
159,72,2019-06-09,9.7,64,527,334,111,869,764,20.7,1560078000,4.3,179,5.0,1560045600,12.0,1560114000,1.0,1.0,991,final,69.3,1007,0.0,,279,1540,12657,8026,6687,15.6,1560031200,179,9.6,2.4
160,84,2019-06-10,7.5,64,528,335,111,869,765,14.5,1560171600,2.0,231,3.0,1560142800,8.7,1560139200,0.0,0.0,1002,final,81.0,1017,0.0,,136,1543,12680,8045,3268,10.7,1560117600,231,9.2,1.8
161,67,2019-06-11,6.9,64,529,336,111,869,766,17.7,1560268800,2.9,63,4.0,1560276000,7.0,1560222000,0.0,0.0,1010,final,68.0,1026,0.0,,202,1546,12701,8062,4853,13.0,1560204000,63,6.4,2.8
162,79,2019-06-12,6.0,64,530,337,111,869,767,18.4,1560333600,3.0,133,4.0,1560337200,8.4,1560304800,1.0,1.0,1008,final,64.8,1024,0.0,,165,1548,12719,8077,3953,13.0,1560290400,133,10.4,2.1
163,77,2019-06-13,8.0,65,531,337,111,869,767,18.8,1560441600,4.3,115,4.0,1560427200,8.8,1560391200,6.5,6.5,997,final,73.1,1013,0.0,,190,1550,12735,8090,4571,12.9,1560376800,115,14.0,2.8
164,72,2019-06-14,9.9,65,531,338,111,869,768,19.7,1560528000,2.7,78,3.0,1560531600,10.4,1560474000,0.0,0.0,1000,final,69.9,1016,0.0,,167,1551,12749,8102,3999,15.4,1560463200,78,6.8,2.0
165,78,2019-06-15,10.1,65,532,338,111,869,768,21.6,1560618000,3.5,197,4.0,1560585600,11.4,1560571200,0.0,0.0,1002,final,66.6,1018,0.0,,190,1553,12761,8111,4554,16.6,1560549600,197,6.4,2.2
166,54,2019-06-16,11.3,65,532,338,111,869,768,24.1,1560697200,4.3,165,4.0,1560697200,11.1,1560646800,0.0,0.0,997,final,68.7,1012,0.0,,281,1554,12770,8119,6752,17.5,1560636000,165,8.0,2.1
167,87,2019-06-17,9.1,65,532,339,111,869,768,18.9,1560783600,2.9,156,4.0,1560783600,10.7,1560747600,3.5,3.5,997,final,76.7,1013,0.0,,139,1555,12777,8125,3346,13.4,1560722400,156,7.2,2.5
168,65,2019-06-18,9.6,65,533,339,111,869,769,18.3,1560859200,5.4,170,4.0,1560873600,10.8,1560837600,14.0,14.0,994,final,77.3,1009,0.0,,275,1555,12783,8130,6608,13.6,1560808800,170,10.0,2.6
169,54,2019-06-19,9.0,65,533,339,111,869,769,19.8,1560956400,5.1,53,3.7,1560978000,9.0,1560902400,1.0,1.0,994,final,72.7,1010,0.0,,300,1556,12785,8132,7205,14.1,1560895200,53,6.4,2.4
170,98,2019-06-20,10.7,65,533,339,111,869,769,20.9,1561035600,2.0,168,4.0,1560981600,12.9,1561003200,2.0,2.0,988,final,71.6,1003,0.0,,88,1556,12786,8133,2106,16.0,1560981600,168,7.6,2.5
171,94,2019-06-21,8.7,65,533,339,111,869,768,16.3,1561068000,2.3,206,3.0,1561107600,9.2,1561150800,12.0,12.0,991,final,82.4,1007,0.0,,113,1556,12785,8132,2707,11.7,1561068000,206,5.6,1.8
172,70,2019-06-22,6.4,65,533,339,111,869,768,14.8,1561222800,3.6,240,7.0,1561194000,8.6,1561176000,4.0,4.0,999,final,74.6,1015,0.0,,263,1555,12781,8129,6318,10.9,1561154400,240,16.0,3.3
173,63,2019-06-23,6.5,65,532,339,111,869,768,13.5,1561294800,3.9,236,4.0,1561312800,8.8,1561258800,1.5,1.5,1006,final,74.6,1022,0.0,,245,1555,12775,8124,5887,10.9,1561240800,236,13.6,2.6
174,86,2019-06-24,6.2,65,532,338,111,868,768,17.1,1561392000,2.8,135,4.0,1561384800,8.7,1561345200,0.0,0.0,1014,final,66.3,1030,0.0,,148,1554,12767,8118,3542,12.5,1561327200,135,6.0,2.3
175,97,2019-06-25,9.9,65,532,338,111,868,767,16.6,1561467600,2.1,113,3.0,1561453200,9.2,1561420800,0.0,0.0,1009,final,80.8,1025,0.0,,98,1552,12756,8110,2352,13.3,1561413600,113,5.2,1.9
176,96,2019-06-26,6.7,65,531,337,111,868,766,15.0,1561554000,3.0,276,4.0,1561554000,9.6,1561518000,0.0,0.0,1007,final,75.7,1023,0.0,,138,1551,12744,8099,3310,10.9,1561500000,276,9.6,2.8
177,98,2019-06-27,7.5,65,530,337,111,868,766,10.8,1561590000,2.2,270,4.0,1561590000,9.1,1561626000,0.5,0.5,1008,final,85.5,1024,0.0,,88,1549,12729,8088,2113,9.8,1561586400,270,11.2,3.1
178,100,2019-06-28,8.8,64,530,336,111,868,765,13.8,1561741200,2.0,225,5.0,1561690800,8.2,1561690800,2.5,2.5,1006,final,87.0,1021,0.0,,71,1547,12712,8074,1707,10.9,1561672800,225,12.0,3.0
179,100,2019-06-29,9.9,64,529,336,111,867,764,13.7,1561784400,2.0,219,6.0,1561784400,10.9,1561834800,4.0,4.0,997,final,89.3,1013,0.0,,64,1545,12693,8059,1526,11.6,1561759200,219,14.8,2.8
180,96,2019-06-30,11.1,64,528,335,111,867,763,14.9,1561860000,2.9,154,6.0,1561860000,10.4,1561845600,13.5,13.5,985,final,90.9,1000,0.0,,89,1542,12671,8042,2124,12.6,1561845600,154,15.6,2.2
181,100,2019-07-01,8.1,64,527,334,111,867,762,14.3,1561932000,2.0,274,4.0,1561932000,7.5,1562014800,8.5,8.5,982,final,88.5,997,0.0,,41,1539,12648,8023,991,9.9,1561932000,274,11.2,2.2
182,82,2019-07-02,3.9,64,526,333,111,866,761,11.3,1562068800,2.3,218,8.0,1562072400,5.6,1562101200,4.0,4.0,991,final,79.2,1007,0.0,,151,1536,12622,8002,3621,7.4,1562018400,218,18.4,4.3
183,94,2019-07-03,3.8,64,525,333,111,866,760,8.9,1562155200,2.0,222,7.0,1562148000,4.9,1562122800,11.0,11.0,994,final,82.3,1010,0.0,,66,1533,12594,7980,1579,6.6,1562104800,222,12.8,4.5
184,86,2019-07-04,4.6,64,523,332,110,866,759,11.3,1562248800,2.2,241,3.0,1562191200,4.8,1562220000,10.5,10.5,992,final,84.1,1008,0.0,,117,1529,12563,7956,2819,7.2,1562191200,241,11.2,2.1
185,96,2019-07-05,6.3,64,522,330,110,865,758,10.4,1562306400,2.0,244,4.0,1562306400,7.5,1562302800,3.0,3.0,994,final,85.5,1010,0.0,,63,1525,12531,7931,1509,8.6,1562277600,244,10.0,3.1
186,93,2019-07-06,6.8,63,521,329,110,865,756,14.6,1562425200,2.0,197,4.0,1562428800,7.2,1562378400,0.0,0.0,990,final,80.4,1006,0.0,,94,1521,12496,7903,2252,10.1,1562364000,197,6.4,2.0
187,89,2019-07-07,6.9,63,519,328,110,865,755,14.8,1562497200,2.1,153,3.0,1562497200,8.9,1562464800,0.0,0.0,994,final,75.1,1010,0.0,,117,1516,12460,7874,2809,11.4,1562450400,153,5.2,1.7
188,99,2019-07-08,7.9,63,518,327,110,864,753,14.0,1562605200,1.9,233,3.0,1562590800,7.8,1562547600,3.0,3.0,999,final,87.6,1015,0.0,,56,1512,12421,7844,1351,9.9,1562536800,233,7.2,2.0
189,82,2019-07-09,9.6,63,516,326,110,864,752,17.1,1562691600,1.9,241,2.0,1562706000,10.3,1562641200,0.0,0.0,1002,final,82.5,1018,0.0,,112,1506,12381,7812,2698,12.6,1562623200,241,4.4,1.4
190,33,2019-07-10,8.8,63,514,324,110,863,750,19.6,1562774400,5.9,235,3.0,1562720400,8.3,1562742000,0.0,0.0,1001,final,76.5,1017,0.0,,294,1501,12339,7779,7046,13.4,1562709600,235,6.0,1.8
191,23,2019-07-11,7.9,62,512,323,110,863,748,19.9,1562860800,5.1,180,3.0,1562799600,7.9,1562814000,0.0,0.0,997,final,69.0,1013,0.0,,316,1495,12297,7744,7592,14.0,1562796000,180,4.8,1.8
192,42,2019-07-12,7.9,62,511,321,110,862,746,19.3,1562943600,6.1,248,3.0,1562929200,7.6,1562900400,0.0,0.0,997,final,75.3,1013,0.0,,269,1489,12254,7707,6467,12.4,1562882400,248,6.8,1.9
193,87,2019-07-13,7.8,62,509,320,110,862,744,15.7,1563022800,1.9,250,3.0,1563019200,9.2,1562972400,0.0,0.0,1000,final,78.2,1016,0.0,,97,1482,12210,7669,2337,11.6,1562968800,250,6.0,2.3
194,90,2019-07-14,6.0,61,507,318,110,861,742,13.3,1563109200,1.9,281,3.0,1563123600,9.4,1563130800,0.0,0.0,1003,final,73.9,1019,0.0,,90,1475,12166,7630,2161,10.5,1563055200,281,7.2,2.0
195,97,2019-07-15,8.3,61,505,316,109,861,740,11.3,1563195600,1.9,258,2.0,1563156000,8.5,1563156000,2.0,2.0,1000,final,91.3,1016,0.0,,58,1469,12120,7590,1391,9.6,1563141600,258,6.4,1.7
196,87,2019-07-16,7.8,61,503,314,109,860,738,14.6,1563303600,1.9,265,3.0,1563264000,8.9,1563246000,0.0,0.0,1001,final,80.0,1017,0.0,,101,1463,12074,7548,2415,11.2,1563228000,265,4.8,1.7
197,76,2019-07-17,8.2,61,501,313,109,860,736,18.9,1563375600,3.6,140,2.0,1563375600,6.9,1563332400,0.0,0.0,997,final,74.4,1013,0.0,,172,1456,12027,7505,4126,13.2,1563314400,140,4.4,1.5
198,44,2019-07-18,11.4,60,499,311,109,859,733,24.1,1563465600,5.2,86,3.0,1563465600,11.9,1563422400,0.0,0.0,992,final,68.2,1008,0.0,,301,1449,11981,7460,7220,17.8,1563400800,86,7.6,2.0
199,63,2019-07-19,10.9,60,497,309,109,858,731,23.8,1563537600,3.7,218,5.0,1563537600,14.0,1563570000,3.5,3.5,993,final,64.1,1008,0.0,,158,1442,11934,7414,3782,18.0,1563487200,218,9.2,2.7
200,88,2019-07-20,11.3,60,495,307,109,858,728,25.1,1563638400,3.6,136,4.0,1563638400,11.3,1563595200,0.0,0.0,995,final,67.5,1010,0.0,,152,1436,11886,7367,3645,18.1,1563573600,136,6.8,2.4
201,99,2019-07-21,13.0,60,493,305,109,857,726,23.2,1563696000,1.8,196,5.0,1563670800,15.0,1563739200,2.5,2.5,993,final,74.0,1009,0.0,,80,1430,11835,7319,1908,17.8,1563660000,196,10.8,2.5
202,88,2019-07-22,11.9,59,491,303,109,856,723,20.6,1563807600,3.5,123,4.0,1563793200,12.1,1563764400,1.5,1.5,997,final,78.9,1013,0.0,,134,1423,11782,7269,3205,15.7,1563746400,123,9.6,2.4
203,70,2019-07-23,13.1,59,489,301,108,856,720,21.4,1563894000,2.6,160,4.0,1563894000,15.6,1563865200,0.0,0.0,999,final,72.5,1014,0.0,,174,1417,11727,7218,4180,18.2,1563832800,160,8.0,1.9
204,43,2019-07-24,16.1,59,486,299,108,855,717,25.8,1563984000,5.1,93,5.0,1563973200,16.4,1563940800,1.5,1.5,1001,final,76.2,1016,0.0,,286,1410,11669,7166,6859,20.6,1563919200,93,8.4,2.4
205,75,2019-07-25,17.2,58,484,296,108,854,714,29.1,1564059600,2.7,193,4.0,1564063200,18.6,1564088400,0.0,0.0,1001,final,72.3,1016,0.0,,174,1403,11609,7113,4167,22.6,1564005600,193,12.8,2.1
206,25,2019-07-26,16.7,58,481,294,108,853,711,29.7,1564164000,5.7,105,4.0,1564156800,15.0,1564110000,0.0,0.0,1004,final,70.7,1020,0.0,,291,1395,11546,7058,6995,22.7,1564092000,105,6.8,2.1
207,20,2019-07-27,15.8,58,478,292,108,853,708,31.9,1564239600,5.1,121,4.0,1564185600,19.7,1564196400,0.0,0.0,1003,final,52.6,1018,0.0,,291,1388,11481,7002,6972,26.6,1564178400,121,6.4,2.0
208,2,2019-07-28,15.8,57,476,289,108,852,705,31.3,1564329600,5.6,103,3.0,1564326000,17.8,1564282800,0.0,0.0,1000,final,56.2,1015,0.0,,289,1380,11413,6945,6944,25.6,1564264800,103,6.8,1.9
209,35,2019-07-29,15.3,57,473,287,107,851,702,30.4,1564412400,4.7,186,5.0,1564430400,18.3,1564434000,4.5,4.5,997,final,55.1,1012,0.0,,274,1371,11343,6887,6580,25.1,1564351200,186,6.8,2.1
210,69,2019-07-30,8.7,57,470,284,107,850,699,26.3,1564437600,2.9,97,5.0,1564441200,15.4,1564520400,1.0,1.0,1000,final,58.3,1015,0.0,,192,1362,11271,6828,4611,17.1,1564437600,97,14.0,2.8
211,35,2019-07-31,6.2,56,467,282,107,849,695,23.3,1564588800,4.7,117,5.0,1564545600,13.2,1564542000,0.0,0.0,1002,final,47.6,1017,0.0,,277,1353,11198,6768,6651,17.7,1564524000,117,12.0,2.5
212,35,2019-08-01,8.2,56,464,279,107,848,692,22.6,1564668000,5.4,225,4.0,1564675200,11.1,1564628400,0.0,0.0,1003,final,57.3,1019,0.0,,275,1344,11124,6707,6611,16.9,1564610400,225,8.4,2.1
213,29,2019-08-02,8.6,56,460,277,107,847,688,19.1,1564750800,4.7,257,4.0,1564758000,11.5,1564711200,0.0,0.0,1003,final,69.0,1019,0.0,,249,1334,11051,6645,5965,14.4,1564696800,257,7.2,2.5
214,78,2019-08-03,7.7,55,457,274,106,846,684,16.9,1564837200,1.7,243,4.0,1564851600,10.4,1564866000,0.0,0.0,1002,final,70.7,1017,0.0,,102,1324,10980,6582,2459,13.0,1564783200,243,6.0,1.9
215,74,2019-08-04,7.7,55,455,272,106,845,681,18.0,1564930800,2.3,197,3.0,1564916400,9.6,1564952400,0.0,0.0,998,final,70.0,1014,0.0,,146,1313,10912,6520,3498,13.2,1564869600,197,7.2,1.8
216,62,2019-08-05,7.7,54,452,269,106,844,677,16.0,1565020800,1.9,118,4.0,1565013600,9.7,1564956000,0.0,0.0,994,final,74.0,1010,0.0,,112,1304,10844,6456,2694,12.3,1564956000,118,5.2,2.2
217,20,2019-08-06,8.1,54,449,266,106,843,673,19.6,1565103600,5.2,118,4.0,1565078400,6.2,1565060400,0.0,0.0,988,final,72.3,1004,0.0,,255,1295,10776,6391,6125,13.3,1565042400,118,5.6,2.0
218,78,2019-08-07,10.6,54,446,264,105,842,669,21.1,1565182800,3.3,265,4.0,1565193600,9.6,1565146800,0.0,0.0,985,final,76.1,1001,0.0,,180,1285,10709,6326,4320,15.0,1565128800,265,6.8,1.8
219,97,2019-08-08,12.3,53,443,261,105,841,665,17.4,1565272800,2.1,247,3.0,1565280000,13.2,1565244000,0.0,0.0,988,final,88.9,1003,0.0,,75,1275,10644,6261,1809,14.1,1565215200,247,6.8,1.8
220,78,2019-08-09,11.6,53,441,258,105,840,661,18.2,1565370000,1.9,156,4.0,1565370000,12.0,1565323200,0.0,0.0,994,final,83.6,1010,0.0,,109,1266,10580,6194,2615,14.4,1565301600,156,6.8,2.3
221,95,2019-08-10,11.1,52,438,255,105,838,657,22.0,1565438400,1.5,164,7.0,1565438400,13.2,1565391600,0.0,0.0,987,final,63.9,1002,0.0,,65,1258,10515,6127,1554,18.3,1565388000,164,13.6,3.3
222,85,2019-08-11,12.8,52,435,252,105,837,652,26.0,1565528400,3.0,183,5.0,1565474400,16.3,1565496000,0.5,0.5,982,final,67.5,997,0.0,,160,1249,10446,6059,3836,19.2,1565474400,183,11.6,2.2
223,100,2019-08-12,12.7,52,432,250,104,836,648,19.0,1565560800,1.5,250,4.0,1565640000,11.0,1565643600,14.0,14.0,986,final,91.9,1001,0.0,,29,1241,10375,5990,704,14.1,1565560800,250,8.8,2.2
224,100,2019-08-13,9.2,51,429,247,104,835,644,13.7,1565697600,1.5,221,5.0,1565708400,9.1,1565730000,12.0,12.0,989,final,89.8,1005,0.0,,33,1232,10302,5921,794,10.9,1565647200,221,10.0,3.2
225,85,2019-08-14,7.0,51,426,244,104,833,639,16.1,1565802000,2.1,235,4.0,1565776800,8.7,1565748000,1.5,1.5,991,final,74.3,1007,0.0,,134,1223,10225,5851,3205,11.6,1565733600,235,9.2,2.3
226,52,2019-08-15,8.0,51,423,241,103,832,635,17.7,1565881200,4.3,125,4.0,1565874000,8.3,1565838000,0.0,0.0,992,final,71.9,1007,0.0,,227,1213,10146,5780,5437,13.2,1565820000,125,7.6,2.4
227,93,2019-08-16,8.4,50,419,238,103,831,630,17.1,1565967600,1.8,173,3.0,1565967600,11.2,1565935200,0.0,0.0,989,final,68.2,1005,0.0,,80,1203,10064,5708,1911,14.3,1565906400,173,6.0,2.2
228,86,2019-08-17,10.6,50,416,235,103,829,625,19.1,1566061200,1.4,167,7.0,1566032400,11.0,1566014400,1.5,1.5,983,final,75.8,998,0.0,,66,1193,9979,5636,1577,15.2,1565992800,167,14.4,3.1
229,52,2019-08-18,10.6,49,412,232,103,828,621,18.6,1566079200,3.6,134,4.0,1566129600,11.9,1566111600,6.5,6.5,982,final,75.2,998,0.0,,194,1183,9892,5563,4658,15.0,1566079200,134,8.0,2.3
230,68,2019-08-19,8.4,49,409,229,102,826,616,20.0,1566219600,3.7,170,3.0,1566216000,9.0,1566187200,1.0,1.0,982,final,69.9,998,0.0,,147,1172,9804,5490,3530,14.0,1566165600,170,6.8,1.5
231,70,2019-08-20,10.0,48,405,226,102,825,611,18.9,1566306000,2.3,143,2.0,1566313200,9.7,1566262800,2.5,2.5,991,final,81.8,1007,0.0,,154,1160,9716,5416,3694,13.2,1566252000,143,7.2,1.6
232,54,2019-08-21,7.4,48,401,223,102,823,606,16.6,1566392400,2.4,233,6.0,1566388800,9.6,1566417600,0.0,0.0,1003,final,72.6,1019,0.0,,167,1149,9630,5343,4018,12.4,1566338400,233,11.6,2.9
233,68,2019-08-22,7.2,47,398,220,101,822,601,19.3,1566475200,1.5,153,6.0,1566486000,5.9,1566442800,1.0,1.0,1000,final,70.7,1016,0.0,,86,1136,9549,5269,2062,12.8,1566424800,153,10.4,2.6
234,69,2019-08-23,9.6,47,395,216,101,820,596,17.6,1566568800,3.2,195,3.0,1566572400,10.7,1566529200,3.5,3.5,999,final,78.0,1014,0.0,,163,1125,9471,5196,3910,13.5,1566511200,195,7.6,1.8
235,93,2019-08-24,11.1,46,391,213,101,818,590,18.0,1566651600,1.5,163,3.0,1566651600,10.3,1566619200,0.0,0.0,1006,final,82.8,1022,0.0,,57,1115,9391,5122,1374,14.0,1566597600,163,4.8,1.7
236,98,2019-08-25,12.8,46,388,210,100,817,585,18.4,1566738000,1.7,201,3.0,1566748800,13.8,1566759600,3.5,3.5,1004,final,85.8,1019,0.0,,60,1105,9308,5048,1429,15.2,1566684000,201,10.4,1.8
237,86,2019-08-26,13.1,46,384,207,100,815,580,23.7,1566831600,1.8,112,3.0,1566838800,12.4,1566788400,0.0,0.0,1003,final,78.6,1019,0.0,,100,1095,9225,4973,2410,17.2,1566770400,112,5.6,1.5
238,1,2019-08-27,12.9,45,381,204,100,813,574,25.2,1566918000,4.1,107,3.0,1566910800,11.3,1566874800,0.0,0.0,1002,final,70.8,1018,0.0,,204,1084,9142,4898,4897,18.7,1566856800,107,4.4,1.5
239,50,2019-08-28,13.5,45,377,201,99,811,569,28.7,1567000800,3.3,158,6.0,1567008000,12.8,1566964800,0.0,0.0,997,final,67.0,1013,0.0,,134,1072,9060,4823,3227,20.3,1566943200,158,10.4,2.7
240,92,2019-08-29,13.0,44,374,198,99,809,564,22.9,1567069200,1.2,219,4.0,1567076400,12.1,1567112400,18.5,18.5,992,final,81.5,1008,0.0,,49,1061,8981,4748,1184,16.3,1567029600,219,9.6,2.0
241,77,2019-08-30,9.9,44,371,195,99,807,558,19.8,1567184400,3.2,161,5.0,1567184400,10.1,1567141200,0.5,0.5,993,final,73.0,1008,0.0,,110,1050,8904,4674,2631,15.1,1567116000,161,6.8,2.4
242,93,2019-08-31,11.7,43,368,192,98,805,552,21.8,1567267200,1.4,135,7.0,1567285200,14.2,1567224000,2.5,2.5,990,final,70.9,1006,0.0,,67,1040,8824,4598,1607,17.3,1567202400,135,9.6,2.9
243,97,2019-09-01,10.1,43,364,188,98,803,547,20.5,1567288800,1.2,236,7.0,1567292400,11.6,1567371600,11.0,11.0,986,final,68.2,1001,0.0,,46,1030,8741,4523,1093,16.2,1567288800,236,13.6,3.6
244,88,2019-09-02,5.6,42,361,185,97,801,541,14.3,1567436400,1.2,179,4.0,1567414800,6.8,1567458000,4.5,4.5,994,final,71.9,1010,0.0,,48,1020,8655,4447,1161,10.6,1567375200,179,7.2,2.2
245,45,2019-09-03,5.3,42,357,182,97,799,535,14.0,1567504800,2.5,206,4.0,1567522800,3.8,1567483200,3.0,3.0,993,final,79.7,1009,0.0,,162,1009,8567,4371,3895,8.7,1567461600,206,9.6,2.2
246,63,2019-09-04,5.5,42,353,179,97,797,529,14.9,1567612800,2.9,148,4.0,1567569600,4.5,1567569600,1.0,1.0,991,final,75.3,1007,0.0,,88,998,8475,4295,2118,9.8,1567548000,148,8.4,2.4
247,96,2019-09-05,7.0,41,349,176,96,794,523,12.8,1567634400,1.1,216,5.0,1567677600,7.9,1567717200,16.5,16.5,984,final,87.1,1000,0.0,,31,987,8382,4219,735,9.0,1567634400,216,11.6,2.9
248,86,2019-09-06,4.8,41,345,173,96,792,517,13.0,1567782000,2.1,146,4.0,1567782000,6.7,1567731600,0.0,0.0,992,final,76.8,1008,0.0,,87,975,8287,4143,2092,8.8,1567720800,146,9.6,2.7
249,65,2019-09-07,5.8,40,341,169,95,790,511,12.8,1567857600,2.4,279,2.4,1567807200,7.3,1567832400,7.0,7.0,1001,final,80.5,1017,0.0,,145,963,8194,4068,3468,9.2,1567807200,279,7.6,1.6
250,36,2019-09-08,5.6,40,338,166,95,787,505,14.9,1567958400,3.0,120,3.0,1567947600,3.2,1567915200,0.0,0.0,1008,final,78.9,1024,0.0,,163,950,8105,3992,3910,9.3,1567893600,120,7.2,1.6
251,33,2019-09-09,6.5,39,334,163,95,785,499,17.3,1568037600,2.6,178,3.0,1568037600,6.4,1567987200,0.0,0.0,1004,final,69.5,1019,0.0,,142,938,8023,3918,3405,12.1,1567980000,178,7.2,1.4
252,73,2019-09-10,10.2,39,331,160,94,782,493,17.8,1568149200,2.0,167,6.0,1568149200,9.7,1568091600,0.0,0.0,998,final,79.0,1014,0.0,,75,928,7941,3844,1799,13.9,1568066400,167,7.2,1.7
253,85,2019-09-11,9.6,38,327,157,94,780,487,21.1,1568196000,1.0,190,7.0,1568181600,11.7,1568235600,2.0,2.0,985,final,66.9,1000,0.0,,42,917,7856,3769,1004,16.0,1568152800,190,11.6,3.7
254,77,2019-09-12,8.2,38,324,154,93,777,481,14.3,1568278800,1.7,209,4.0,1568304000,7.9,1568322000,3.5,3.5,989,final,84.3,1005,0.0,,77,907,7768,3695,1840,10.8,1568239200,209,13.6,2.5
255,94,2019-09-13,5.8,37,320,151,93,774,474,9.9,1568376000,1.1,209,5.0,1568361600,6.7,1568408400,0.5,0.5,997,final,86.4,1013,0.0,,48,896,7677,3620,1157,7.9,1568325600,209,14.8,4.0
256,87,2019-09-14,5.6,37,316,148,92,772,468,10.9,1568473200,1.6,192,7.0,1568448000,5.9,1568433600,6.0,6.0,997,final,85.7,1013,0.0,,63,885,7584,3546,1521,7.9,1568412000,192,13.6,3.7
257,92,2019-09-15,5.8,36,312,145,92,769,462,12.6,1568552400,1.0,212,7.0,1568552400,6.8,1568523600,8.0,8.0,975,final,80.2,990,0.0,,37,874,7488,3472,896,9.1,1568498400,212,14.4,3.2
258,86,2019-09-16,5.5,36,308,142,91,766,455,11.0,1568638800,1.1,233,7.0,1568628000,6.7,1568667600,7.5,7.5,985,final,82.8,1000,0.0,,62,862,7390,3398,1485,8.3,1568584800,233,17.2,4.9
259,90,2019-09-17,4.4,35,304,139,91,763,449,10.6,1568728800,1.0,223,4.0,1568707200,4.7,1568692800,6.0,6.0,989,final,83.2,1005,0.0,,41,850,7290,3324,989,7.0,1568671200,223,10.8,3.0
260,76,2019-09-18,5.2,35,300,135,90,760,442,9.9,1568808000,1.4,224,4.0,1568804400,5.7,1568840400,3.0,3.0,1001,final,86.6,1017,0.0,,62,838,7191,3251,1480,7.3,1568757600,224,11.2,2.6
261,89,2019-09-19,4.2,34,296,132,90,757,436,8.9,1568901600,0.9,209,3.0,1568901600,5.0,1568869200,4.0,4.0,1007,final,86.4,1023,0.0,,25,825,7095,3179,588,6.4,1568844000,209,8.4,2.3
262,100,2019-09-20,7.1,34,292,129,89,753,429,12.4,1568977200,0.9,224,10.0,1568988000,5.1,1568937600,18.0,18.0,999,final,85.9,1015,0.0,,21,811,7003,3107,496,9.4,1568930400,224,17.2,4.8
263,98,2019-09-21,8.8,33,288,126,89,750,423,14.0,1569081600,1.1,245,8.0,1569027600,10.7,1569016800,0.0,0.0,1000,final,80.1,1016,0.0,,43,800,6910,3036,1030,12.1,1569016800,245,16.0,4.7
264,94,2019-09-22,7.6,33,284,124,88,747,416,12.7,1569103200,0.9,90,4.0,1569132000,6.2,1569186000,0.0,0.0,1001,final,89.0,1017,0.0,,28,789,6815,2965,683,9.3,1569103200,90,6.8,2.7
265,89,2019-09-23,6.3,32,280,121,87,743,410,14.6,1569243600,0.9,64,3.0,1569265200,4.5,1569214800,0.0,0.0,1000,final,85.5,1016,0.0,,34,777,6718,2895,826,8.7,1569189600,64,5.6,1.8
266,28,2019-09-24,5.5,32,276,118,87,740,403,13.0,1569333600,2.6,105,3.0,1569337200,2.8,1569301200,0.0,0.0,998,final,86.0,1014,0.0,,115,765,6622,2825,2753,7.9,1569276000,105,5.2,1.7
267,2,2019-09-25,4.0,31,272,115,86,736,396,14.4,1569420000,2.7,111,4.0,1569412800,3.3,1569387600,0.0,0.0,996,final,71.8,1012,0.0,,115,753,6530,2756,2756,9.0,1569362400,111,7.2,1.9
268,2,2019-09-26,3.1,31,269,112,86,733,390,15.6,1569506400,2.7,153,3.0,1569506400,3.4,1569474000,0.0,0.0,995,final,68.0,1011,0.0,,112,740,6446,2689,2689,9.0,1569448800,153,9.2,1.5
269,48,2019-09-27,4.3,30,265,109,85,729,383,14.5,1569592800,1.8,176,4.0,1569578400,5.5,1569542400,0.0,0.0,992,final,64.1,1008,0.0,,77,729,6364,2622,1846,10.9,1569535200,176,12.4,2.0
270,87,2019-09-28,6.5,30,262,106,85,725,376,16.5,1569675600,2.2,151,3.0,1569704400,10.0,1569650400,1.0,1.0,987,final,66.3,1003,0.0,,73,719,6280,2555,1749,12.6,1569621600,151,10.4,2.3
271,100,2019-09-29,6.7,30,258,104,84,721,370,13.8,1569708000,0.8,235,3.0,1569765600,5.8,1569787200,14.5,14.5,979,final,84.6,995,0.0,,13,709,6194,2489,300,9.2,1569708000,235,8.0,2.0
272,93,2019-09-30,1.5,29,254,101,83,717,363,7.8,1569794400,1.1,223,4.0,1569852000,1.0,1569877200,10.5,10.5,975,final,86.7,991,0.0,,36,699,6104,2423,874,3.6,1569794400,223,6.8,2.5
273,89,2019-10-01,0.8,29,250,98,83,713,356,5.8,1569924000,1.1,204,3.0,1569931200,-1.8,1569906000,7.5,7.5,976,final,92.1,992,0.0,,26,689,6011,2357,619,2.0,1569880800,204,7.2,1.8
274,91,2019-10-02,5.2,28,246,95,82,709,350,8.9,1570032000,1.0,162,2.0,1570028400,3.5,1569996000,1.0,1.0,990,final,93.6,1006,0.0,,36,678,5915,2292,868,6.2,1569967200,162,4.0,1.2
275,89,2019-10-03,2.4,28,242,93,81,705,343,8.3,1570104000,1.1,83,3.0,1570104000,3.8,1570086000,2.0,2.0,1000,final,82.3,1016,0.0,,39,667,5817,2227,943,5.3,1570053600,83,8.4,1.9
276,10,2019-10-04,-3.6,27,238,90,81,700,336,6.4,1570194000,2.1,150,3.0,1570183200,-0.1,1570222800,0.0,0.0,1003,final,60.9,1019,0.0,,89,656,5715,2163,2133,3.3,1570140000,150,9.2,2.0
277,5,2019-10-05,-4.3,27,234,87,80,696,329,4.8,1570284000,2.3,159,3.0,1570284000,-4.3,1570255200,0.0,0.0,1008,final,76.0,1024,0.0,,87,644,5610,2099,2099,-0.3,1570226400,159,4.4,1.5
278,68,2019-10-06,-4.2,26,229,85,80,691,323,5.2,1570366800,1.1,195,2.0,1570392000,-3.8,1570330800,0.0,0.0,1010,final,71.3,1027,0.0,,47,632,5503,2037,1122,0.6,1570312800,195,3.6,1.4
279,73,2019-10-07,-0.8,26,225,82,79,687,316,8.1,1570449600,1.8,163,3.0,1570449600,1.4,1570471200,0.0,0.0,1002,final,72.0,1019,0.0,,74,620,5393,1975,1766,3.9,1570399200,163,7.2,2.0
280,53,2019-10-08,-1.8,25,220,80,78,682,310,9.2,1570532400,2.3,138,4.0,1570536000,-0.9,1570507200,0.0,0.0,982,final,69.4,998,0.0,,79,607,5283,1914,1896,3.4,1570485600,138,7.2,1.7
281,45,2019-10-09,0.2,25,216,77,77,677,303,10.2,1570636800,1.9,150,4.0,1570636800,1.8,1570586400,0.0,0.0,978,final,69.3,993,0.0,,77,594,5173,1854,1839,5.5,1570572000,150,7.6,2.1
282,14,2019-10-10,0.7,24,211,75,77,672,296,8.2,1570712400,2.1,115,2.0,1570708800,-0.5,1570680000,0.0,0.0,978,final,83.2,994,0.0,,75,581,5066,1795,1795,3.4,1570658400,115,3.6,1.2
283,81,2019-10-11,3.3,24,207,72,76,667,290,10.0,1570795200,1.3,161,3.0,1570777200,0.7,1570752000,0.0,0.0,976,final,90.0,992,0.0,,47,567,4967,1738,1119,4.9,1570744800,161,4.0,1.8
284,97,2019-10-12,2.3,23,203,70,75,662,283,7.0,1570892400,0.9,216,3.0,1570910400,1.1,1570831200,1.5,1.5,976,final,88.2,992,0.0,,26,554,4874,1682,633,4.1,1570831200,216,5.2,1.7
285,42,2019-10-13,1.1,23,199,68,75,657,277,8.8,1570971600,1.6,185,3.0,1570971600,0.8,1571000400,1.5,1.5,989,final,78.8,1005,0.0,,63,542,4787,1628,1510,4.6,1570917600,185,5.6,2.3
286,21,2019-10-14,-1.3,22,196,66,74,652,270,6.0,1571058000,2.0,159,2.0,1571018400,-2.4,1571029200,0.0,0.0,994,final,83.4,1010,0.0,,64,530,4707,1574,1544,1.3,1571004000,159,4.0,1.4
287,32,2019-10-15,-1.2,22,193,63,73,646,264,5.1,1571144400,2.0,117,3.0,1571148000,-3.1,1571112000,0.0,0.0,999,final,87.0,1015,0.0,,55,521,4626,1522,1310,0.8,1571090400,117,5.6,1.5
288,66,2019-10-16,1.3,21,189,61,72,641,257,9.8,1571227200,1.4,131,4.0,1571259600,0.7,1571205600,3.0,3.0,993,final,78.6,1009,0.0,,26,512,4543,1470,619,4.9,1571176800,131,10.4,2.3
289,78,2019-10-17,2.1,21,186,59,72,635,251,10.3,1571313600,1.8,138,3.0,1571317200,4.3,1571346000,2.0,2.0,990,final,72.5,1006,0.0,,49,503,4457,1419,1179,6.7,1571263200,138,8.4,1.5
290,69,2019-10-18,4.1,21,182,57,71,629,245,9.5,1571403600,1.0,205,1.0,1571400000,4.3,1571353200,2.5,2.5,988,final,81.2,1004,0.0,,17,493,4369,1369,405,7.1,1571349600,205,4.0,1.0
291,97,2019-10-19,2.8,20,178,55,70,623,238,7.8,1571490000,0.6,67,5.0,1571472000,3.4,1571518800,0.0,0.0,990,final,84.0,1006,0.0,,11,484,4278,1319,264,5.3,1571436000,67,6.0,2.8
292,30,2019-10-20,-0.9,20,174,53,69,617,232,7.7,1571580000,1.8,104,3.0,1571536800,1.1,1571533200,0.0,0.0,997,final,72.4,1013,0.0,,53,474,4185,1270,1268,3.8,1571522400,104,7.6,1.9
293,96,2019-10-21,0.5,19,170,51,69,611,226,6.5,1571662800,0.6,203,3.0,1571634000,2.6,1571608800,0.0,0.0,999,final,74.8,1015,0.0,,10,464,4090,1222,240,4.6,1571608800,203,4.8,1.7
294,89,2019-10-22,1.6,19,166,49,68,605,220,12.8,1571731200,1.7,223,11.0,1571752800,4.4,1571774400,2.5,2.5,983,final,63.3,999,0.0,,33,454,3991,1174,793,8.3,1571695200,223,22.0,5.5
295,99,2019-10-23,3.1,18,162,47,67,599,214,7.5,1571835600,0.7,139,3.0,1571796000,4.4,1571803200,3.0,3.0,989,final,83.2,1005,0.0,,10,443,3891,1128,252,5.8,1571781600,139,8.8,1.5
296,97,2019-10-24,3.1,18,158,45,66,592,208,11.8,1571914800,1.2,150,4.0,1571911200,5.7,1571868000,0.5,0.5,985,final,70.4,1001,0.0,,20,432,3788,1082,478,8.7,1571868000,150,4.4,2.1
297,88,2019-10-25,3.9,18,153,43,65,586,202,10.6,1572037200,0.6,192,6.0,1572037200,2.9,1572033600,12.0,12.0,980,final,89.7,996,0.0,,8,422,3683,1038,197,5.4,1571954400,192,14.4,2.7
298,12,2019-10-26,-2.1,17,149,41,64,579,196,5.0,1572055200,1.9,219,4.0,1572055200,-0.8,1572123600,0.0,0.0,984,final,79.1,1000,0.0,,41,410,3577,994,994,1.2,1572040800,219,5.6,3.0
299,75,2019-10-27,-1.3,16,139,38,64,572,190,3.5,1572199200,0.9,215,4.0,1572163200,-1.5,1572138000,3.0,3.0,987,final,86.7,1004,0.0,,10,399,3471,952,249,0.7,1572127200,215,7.2,2.8
300,78,2019-10-28,0.7,16,140,38,63,565,184,4.4,1572300000,1.1,228,3.0,1572282000,0.5,1572217200,5.0,5.0,1001,final,90.8,1017,12.0,,20,387,3366,911,485,2.0,1572217200,228,7.6,2.6
301,85,2019-10-29,1.3,16,136,36,62,558,179,5.0,1572346800,1.1,218,4.0,1572314400,1.9,1572328800,5.0,5.0,1009,final,89.3,1026,0.0,,23,375,3264,871,541,2.9,1572303600,218,8.4,2.7
302,100,2019-10-30,1.7,15,132,35,61,551,173,5.5,1572436800,0.6,203,6.0,1572433200,2.6,1572397200,16.0,16.0,1004,final,87.8,1021,0.0,,6,363,3169,833,138,3.5,1572390000,203,13.6,3.8
303,90,2019-10-31,2.1,15,129,33,60,544,168,5.2,1572519600,1.0,221,4.0,1572480000,3.0,1572490800,4.5,4.5,1002,final,89.8,1018,0.0,,14,350,3084,796,338,3.6,1572476400,221,9.6,2.4
304,76,2019-11-01,0.5,14,125,32,59,536,162,5.7,1572613200,1.0,197,4.0,1572573600,0.0,1572645600,2.0,2.0,992,final,85.5,1008,0.0,,11,339,3009,762,270,2.7,1572562800,197,5.2,2.3
305,86,2019-11-02,-1.0,14,122,30,59,529,157,3.4,1572703200,0.7,169,4.0,1572703200,-1.8,1572728400,0.5,0.5,981,final,87.6,998,3.5,,6,330,2936,728,148,0.8,1572649200,169,5.2,2.6
306,53,2019-11-03,-6.0,13,119,29,58,521,152,1.3,1572735600,1.3,174,2.0,1572735600,-7.1,1572814800,0.0,0.0,985,final,84.8,1002,0.0,,11,323,2860,695,253,-3.8,1572735600,174,4.4,1.6
307,27,2019-11-04,-9.5,13,116,28,57,514,147,0.6,1572872400,1.8,91,3.0,1572872400,-8.0,1572832800,0.0,0.0,988,final,66.0,1004,0.0,,28,315,2784,663,661,-3.9,1572822000,91,5.2,2.0
308,56,2019-11-05,-9.6,13,113,26,56,506,141,-2.5,1572955200,1.6,181,2.0,1572915600,-9.0,1572944400,0.0,0.0,991,final,78.4,1008,0.0,,26,307,2705,632,622,-6.5,1572908400,181,2.8,1.4
309,99,2019-11-06,-9.1,12,109,25,55,498,136,-1.6,1573048800,0.6,179,2.0,1573063200,-8.2,1572994800,0.0,0.0,989,final,75.7,1005,0.0,,7,300,2626,602,161,-5.3,1572994800,179,3.6,1.2
310,52,2019-11-07,-8.7,12,106,24,54,490,132,-1.3,1573153200,1.4,191,2.0,1573146000,-7.1,1573106400,0.0,0.0,992,final,74.4,1008,0.0,,19,292,2545,572,445,-4.8,1573081200,191,3.6,1.3
311,34,2019-11-08,-8.2,12,103,23,53,482,127,-1.9,1573218000,1.6,220,2.0,1573250400,-8.0,1573250400,0.0,0.0,999,final,79.1,1015,0.0,,22,284,2463,543,539,-5.1,1573167600,220,2.8,1.4
312,43,2019-11-09,-9.2,11,99,21,52,474,122,-1.2,1573304400,1.4,135,3.0,1573308000,-11.5,1573279200,0.0,0.0,1000,final,83.6,1017,0.0,,19,276,2380,515,463,-6.8,1573254000,135,5.2,1.9
313,77,2019-11-10,-8.2,11,96,20,52,465,118,-3.4,1573390800,1.0,78,6.0,1573401600,-7.9,1573362000,0.0,0.0,1001,final,82.6,1017,0.0,,8,267,2296,489,181,-5.7,1573340400,78,6.9,2.5
314,10,2019-11-11,-9.0,11,92,19,51,457,113,-2.9,1573480800,1.8,90,3.0,1573444800,-7.5,1573509600,0.0,0.0,991,final,75.4,1008,0.0,,19,259,2211,462,462,-5.3,1573426800,90,6.0,1.5
315,72,2019-11-12,-5.8,10,89,18,50,449,109,4.6,1573563600,0.9,175,5.0,1573588800,-9.4,1573516800,0.0,0.0,984,final,74.3,1000,0.0,,8,251,2126,437,198,-1.7,1573513200,175,6.8,2.2
316,75,2019-11-13,-3.2,10,85,17,49,440,105,4.5,1573646400,1.3,175,4.0,1573614000,-1.9,1573682400,0.0,0.0,981,final,69.1,997,0.0,,14,242,2041,413,341,2.0,1573599600,175,5.2,1.8
317,41,2019-11-14,-4.8,10,82,16,48,432,100,1.0,1573732800,1.5,193,3.0,1573761600,-4.2,1573768800,0.0,0.0,991,final,82.8,1008,0.0,,16,234,1957,390,382,-2.3,1573686000,193,3.6,1.3
318,41,2019-11-15,-7.5,9,78,15,47,423,96,-0.3,1573819200,1.6,225,5.0,1573833600,-5.5,1573855200,0.0,0.0,1004,final,74.7,1021,0.0,,15,225,1874,368,365,-3.7,1573772400,225,5.6,3.2
319,87,2019-11-16,-4.6,9,75,14,46,414,93,4.0,1573912800,1.1,158,2.0,1573905600,-5.4,1573858800,0.0,0.0,998,final,77.4,1015,0.0,,6,217,1794,347,133,-1.1,1573858800,158,5.6,1.3
320,91,2019-11-17,-1.8,9,72,14,45,406,89,4.5,1574020800,0.9,162,3.0,1573948800,1.9,1573945200,0.0,0.0,995,final,70.7,1011,0.0,,6,208,1717,327,139,3.0,1573945200,162,6.0,1.7
321,85,2019-11-18,-1.2,8,69,13,44,397,85,4.8,1574096400,0.6,115,3.0,1574096400,-1.7,1574046000,4.5,4.5,1000,final,79.8,1016,0.0,,2,199,1646,309,59,1.9,1574031600,115,6.8,1.6
322,97,2019-11-19,0.6,8,66,12,44,388,81,4.3,1574132400,0.6,173,2.0,1574128800,0.5,1574186400,14.5,14.5,993,final,95.1,1009,50.0,,1,190,1581,291,29,1.3,1574118000,173,5.2,1.9
323,46,2019-11-20,-2.9,8,63,11,43,380,78,1.9,1574215200,1.7,193,4.0,1574222400,-3.3,1574276400,0.0,0.0,1004,final,87.3,1020,0.0,,11,182,1522,275,262,-1.1,1574204400,193,5.2,2.0
324,81,2019-11-21,-0.9,7,61,11,42,371,75,6.5,1574373600,0.7,128,4.0,1574373600,-3.3,1574305200,0.0,0.0,1006,final,80.9,1022,0.0,,4,176,1466,259,88,2.1,1574290800,128,8.0,1.5
325,25,2019-11-22,0.4,7,59,10,41,362,72,7.5,1574427600,1.7,138,5.0,1574438400,1.9,1574409600,0.0,0.0,1000,final,73.0,1016,0.0,,10,169,1412,245,238,4.9,1574377200,138,8.0,1.8
326,76,2019-11-23,-0.4,7,57,10,40,354,68,7.0,1574481600,0.6,156,4.0,1574481600,0.8,1574546400,0.0,0.0,1001,final,72.9,1017,0.0,,3,163,1360,231,80,4.1,1574463600,156,8.0,1.6
327,79,2019-11-24,-0.8,7,54,9,39,345,65,3.6,1574557200,0.8,144,2.0,1574557200,-1.8,1574571600,0.0,0.0,1001,final,92.3,1018,0.0,,3,159,1308,218,61,0.3,1574550000,144,3.6,1.0
328,100,2019-11-25,0.5,6,52,9,39,337,63,1.8,1574683200,0.6,189,1.0,1574686800,-0.7,1574636400,0.0,0.0,998,final,97.0,1014,0.0,,1,154,1256,206,21,0.9,1574636400,189,2.8,1.0
329,100,2019-11-26,0.2,6,50,8,38,328,60,1.6,1574726400,0.5,95,3.0,1574805600,0.2,1574805600,0.0,0.0,993,final,96.8,1010,0.0,,1,149,1206,194,19,0.7,1574722800,95,4.8,1.3
330,93,2019-11-27,-3.1,6,48,8,37,320,57,1.7,1574863200,0.6,58,4.0,1574866800,-2.2,1574820000,0.0,0.0,985,final,82.2,1002,0.0,,2,145,1156,182,59,-0.3,1574809200,58,6.0,2.1
331,78,2019-11-28,-3.3,6,46,7,36,312,55,1.6,1574899200,1.0,100,3.0,1574964000,-2.9,1574953200,1.0,1.0,979,final,83.7,995,16.0,,3,140,1106,172,70,-0.9,1574895600,100,5.2,1.8
332,72,2019-11-29,-3.5,6,44,7,36,304,52,2.6,1575010800,1.0,273,6.0,1575010800,-1.5,1574985600,2.0,2.0,983,final,76.4,999,9.0,,4,136,1058,162,88,0.4,1574982000,273,14.0,3.3
333,84,2019-11-30,-2.8,5,42,6,35,296,50,1.5,1575079200,0.9,246,5.0,1575147600,-2.1,1575108000,3.5,3.5,995,final,90.3,1011,57.5,,3,131,1012,152,83,-1.4,1575068400,246,13.2,3.4
334,94,2019-12-01,-2.1,5,40,6,34,288,48,1.9,1575194400,0.5,235,9.0,1575176400,-1.5,1575234000,6.5,6.5,993,final,87.8,1009,57.5,,2,127,966,144,51,-0.4,1575154800,235,15.2,4.1
335,88,2019-12-02,-2.1,5,38,6,33,281,46,0.7,1575324000,0.9,213,4.0,1575252000,-1.6,1575248400,4.5,4.5,996,final,90.9,1013,73.5,,4,123,923,135,97,-0.8,1575241200,213,9.2,3.1
336,100,2019-12-03,2.3,5,37,5,33,273,44,7.5,1575410400,0.4,200,5.0,1575356400,0.0,1575327600,12.0,12.0,988,final,87.5,1004,1.0,,1,119,881,128,24,4.2,1575327600,200,14.4,3.8
337,93,2019-12-04,1.9,5,35,5,32,266,42,7.9,1575414000,0.8,191,3.0,1575414000,2.1,1575489600,1.0,1.0,985,final,86.5,1001,0.0,,1,115,842,121,30,4.0,1575414000,191,12.8,2.0
338,75,2019-12-05,-0.6,5,34,5,32,260,41,5.8,1575529200,0.4,206,7.0,1575547200,0.6,1575568800,4.0,4.0,969,final,81.1,985,1.0,,1,111,804,114,22,2.5,1575500400,206,16.4,3.9
339,85,2019-12-06,-0.6,4,32,4,31,253,39,3.5,1575633600,0.7,208,7.0,1575633600,1.0,1575594000,0.0,0.0,966,final,81.5,982,0.0,,2,107,769,108,37,2.3,1575586800,208,10.8,4.1
340,89,2019-12-07,-0.6,4,31,4,30,247,38,3.0,1575673200,0.5,201,4.0,1575673200,-0.3,1575748800,0.5,0.5,972,final,89.3,988,1.0,,2,104,737,102,48,1.0,1575673200,201,10.8,3.4
341,98,2019-12-08,-4.1,4,29,4,30,241,36,0.7,1575759600,0.4,151,4.0,1575759600,-2.8,1575784800,7.5,7.5,960,final,80.7,975,124.0,,1,100,707,97,24,-1.1,1575759600,151,11.2,2.1
342,83,2019-12-09,-3.2,4,28,4,29,236,35,0.6,1575900000,0.7,234,3.0,1575903600,-2.4,1575878400,2.0,2.0,971,final,88.2,987,34.0,,3,97,681,93,68,-1.5,1575846000,234,6.8,1.8
343,91,2019-12-10,-4.8,4,27,4,29,230,34,3.1,1576015200,0.4,190,11.0,1576008000,-3.2,1575975600,3.5,3.5,985,final,77.5,1001,16.0,,1,94,657,89,21,-1.2,1575932400,190,18.0,4.4
344,88,2019-12-11,-3.7,4,27,4,28,226,33,6.8,1576065600,0.6,185,11.0,1576026000,-1.3,1576018800,0.5,0.5,967,final,52.3,983,0.0,,2,92,636,85,52,5.4,1576018800,185,18.4,5.7
345,86,2019-12-12,-4.4,4,26,3,28,221,32,6.1,1576137600,0.4,183,10.0,1576137600,4.4,1576188000,0.0,0.0,968,final,50.2,984,0.0,,1,89,618,82,23,5.1,1576105200,183,13.6,6.9
346,26,2019-12-13,-5.3,4,25,3,28,217,31,5.5,1576191600,1.1,191,7.0,1576263600,1.2,1576227600,0.0,0.0,970,final,55.7,986,0.0,,2,87,602,79,56,2.7,1576191600,191,10.0,4.0
347,88,2019-12-14,-3.3,4,25,3,27,214,30,4.9,1576321200,0.4,142,4.0,1576285200,2.2,1576360800,0.0,0.0,969,final,61.6,985,0.0,,1,85,589,77,21,3.4,1576278000,142,10.0,2.2
348,75,2019-12-15,-3.6,3,24,3,27,210,29,4.4,1576400400,0.5,170,3.0,1576382400,-0.9,1576447200,0.0,0.0,968,final,66.0,984,0.0,,1,83,577,75,34,2.1,1576364400,170,7.6,1.8
349,90,2019-12-16,-4.6,3,24,3,27,208,29,3.6,1576479600,0.5,177,3.0,1576533600,-1.9,1576508400,1.0,1.0,975,final,76.1,991,16.0,,1,83,567,73,27,-0.9,1576450800,177,5.2,1.3
350,63,2019-12-17,-4.7,3,23,3,27,205,28,2.8,1576566000,1.1,211,4.0,1576573200,-4.0,1576609200,0.0,0.0,980,final,77.8,996,0.0,,3,82,559,72,70,-1.3,1576537200,211,6.0,2.7
351,92,2019-12-18,-3.9,3,23,3,26,204,28,2.0,1576706400,0.4,201,3.0,1576706400,-4.5,1576659600,2.5,2.5,985,final,84.9,1002,35.5,,1,81,553,71,21,-1.7,1576623600,201,5.2,2.0
352,73,2019-12-19,-4.7,3,23,3,26,202,28,3.3,1576782000,0.4,155,4.0,1576735200,-4.2,1576742400,0.0,0.0,992,final,74.7,1008,0.0,,1,81,549,70,13,-0.7,1576710000,155,5.6,2.0
353,92,2019-12-20,-1.6,3,23,3,26,201,28,6.7,1576872000,0.4,130,2.0,1576872000,-2.1,1576807200,0.0,0.0,979,final,83.4,995,0.0,,1,81,547,70,19,1.0,1576796400,130,8.8,1.3
354,92,2019-12-21,-0.3,3,23,3,26,201,28,7.9,1576886400,0.6,110,4.0,1576929600,3.2,1576962000,0.0,0.0,969,final,70.0,985,0.0,,1,81,547,70,31,4.7,1576882800,110,10.0,2.1
355,99,2019-12-22,0.5,3,23,3,26,201,28,5.5,1576969200,0.4,192,2.0,1576976400,0.7,1577052000,0.0,0.0,974,final,89.7,990,0.0,,0,81,548,70,7,2.0,1576969200,192,2.4,1.1
356,84,2019-12-23,-3.1,3,23,3,26,201,28,2.4,1577055600,0.6,204,3.0,1577088000,-5.2,1577134800,0.0,0.0,982,final,92.4,998,0.0,,2,81,552,71,44,-2.1,1577055600,204,4.0,1.8
357,88,2019-12-24,-6.4,3,23,3,26,202,28,-2.4,1577142000,0.6,201,2.0,1577224800,-6.9,1577163600,0.0,0.0,988,final,93.7,1004,0.0,,2,82,558,72,37,-5.6,1577142000,201,3.2,1.1
358,96,2019-12-25,-5.1,3,24,3,27,204,28,-1.6,1577311200,0.4,193,1.0,1577307600,-6.6,1577242800,0.0,0.0,996,final,92.8,1013,0.0,,0,83,566,73,10,-4.1,1577228400,193,2.4,1.0
359,88,2019-12-26,-1.1,3,24,3,27,206,29,0.3,1577397600,0.5,120,2.0,1577325600,-2.4,1577322000,0.0,0.0,1006,final,96.8,1022,0.0,,1,84,576,74,17,-0.7,1577314800,120,2.8,1.0
360,77,2019-12-27,-5.6,4,24,3,27,208,29,0.2,1577401200,0.6,144,3.0,1577408400,-6.8,1577466000,0.0,0.0,1014,final,90.3,1031,0.0,,1,85,588,76,35,-4.2,1577401200,144,4.8,1.3
361,100,2019-12-28,-2.6,4,25,3,27,211,30,3.7,1577559600,0.4,139,3.0,1577487600,-6.5,1577487600,4.0,4.0,1008,final,84.0,1025,34.5,,1,86,601,78,15,-0.1,1577487600,139,6.0,1.5
362,100,2019-12-29,2.5,4,26,3,27,214,30,8.5,1577628000,0.4,217,8.0,1577638800,1.7,1577574000,11.5,11.5,991,final,82.3,1007,0.0,,0,88,617,81,8,5.3,1577574000,217,15.6,3.1
363,95,2019-12-30,2.2,4,26,3,28,218,31,8.5,1577667600,0.4,234,10.0,1577674800,3.0,1577736000,20.0,20.0,981,final,83.5,997,0.0,,1,89,635,84,21,4.8,1577660400,234,20.8,6.3
0,97,2019-12-31,-0.2,4,27,4,28,222,32,4.9,1577757600,0.4,242,7.0,1577772000,1.0,1577775600,15.0,15.0,996,final,83.6,1012,4.0,,1,91,654,87,17,2.4,1577746800,242,16.4,5.5
1,100,2020-01-01,2.5,4,27,4,28,223,32,10.2,1577890800,0.4,251,8.8,1577890800,2.3,1577833200,7.5,7.5,991,final,71.6,1005,0.0,,1,92,659,88,22,7.4,1577833200,251,20.8,6.6
2,99,2020-01-02,2.4,4,28,4,29,228,33,12.3,1577966400,0.4,179,4.8,1577966400,3.0,1577941200,4.0,4.0,977,final,79.9,991,0.0,,1,94,681,92,28,5.6,1577919600,179,12.0,2.9
3,96,2020-01-03,-1.6,4,29,4,29,233,34,9.7,1578006000,0.4,239,8.4,1578006000,-2.4,1578063600,9.0,9.0,969,final,80.6,982,38.0,,1,96,704,96,24,1.4,1578006000,239,21.2,5.8
4,83,2020-01-04,-1.1,4,30,4,30,238,35,3.6,1578099600,0.6,288,6.8,1578099600,-1.5,1578142800,7.0,7.0,988,final,83.4,1003,11.0,,2,98,729,100,54,1.4,1578092400,288,19.6,5.0
5,93,2020-01-05,0.2,4,32,4,30,244,37,5.1,1578261600,0.4,189,4.4,1578261600,-0.4,1578218400,9.5,9.5,996,final,86.8,1010,6.0,,1,101,756,105,17,2.1,1578178800,189,10.0,2.8
6,92,2020-01-06,1.1,4,33,5,31,250,38,7.6,1578348000,0.4,161,2.4,1578348000,0.0,1578286800,0.5,0.5,989,final,88.7,1003,0.0,,1,104,784,110,22,2.8,1578265200,161,6.8,2.0
7,90,2020-01-07,-0.5,4,34,5,31,256,40,8.2,1578434400,0.4,161,5.6,1578434400,-0.7,1578373200,2.0,2.0,981,final,79.0,995,0.0,,1,107,814,116,22,2.9,1578351600,161,13.2,2.9
8,90,2020-01-08,0.3,5,35,5,32,263,41,9.1,1578441600,0.5,220,7.2,1578441600,1.3,1578499200,7.0,7.0,972,final,76.7,986,0.0,,2,111,846,123,58,4.1,1578438000,220,24.4,5.0
9,63,2020-01-09,-2.7,5,37,5,33,270,43,4.4,1578538800,0.8,218,6.8,1578538800,-3.7,1578603600,4.5,4.5,988,final,78.2,1002,3.0,,4,115,879,129,88,0.7,1578524400,218,24.8,3.8
10,73,2020-01-10,-4.3,5,38,6,33,277,45,3.7,1578664800,0.5,178,2.8,1578664800,-4.4,1578628800,2.0,2.0,997,final,82.6,1011,32.0,,2,119,915,137,47,-1.7,1578610800,178,7.6,2.3
11,99,2020-01-11,-1.7,5,40,6,34,285,47,7.4,1578754800,0.4,169,4.8,1578754800,-2.2,1578697200,3.0,3.0,980,final,72.1,994,0.0,,2,124,954,145,43,3.0,1578697200,169,12.4,3.2
12,98,2020-01-12,-0.3,5,41,6,35,293,49,6.7,1578783600,0.4,210,4.4,1578783600,0.0,1578848400,2.5,2.5,979,final,86.4,993,0.0,,2,130,995,154,47,1.8,1578783600,210,11.2,3.2
13,92,2020-01-13,-2.8,6,43,7,35,301,51,4.2,1578952800,0.4,176,3.6,1578952800,-0.7,1578942000,4.5,4.5,982,final,76.8,996,0.0,,2,136,1041,163,39,0.8,1578870000,176,16.4,3.0
14,80,2020-01-14,-1.4,6,45,7,36,309,54,7.0,1579010400,0.6,165,5.2,1579010400,-0.7,1579035600,0.5,0.5,969,final,68.5,983,0.0,,4,142,1092,174,84,4.0,1578956400,165,13.6,3.6
15,68,2020-01-15,-1.6,6,48,8,37,317,56,5.2,1579057200,1.2,158,2.8,1579057200,-1.5,1579100400,1.5,1.5,969,final,80.2,983,0.0,,7,149,1147,185,162,1.5,1579042800,158,6.4,2.3
16,81,2020-01-16,-0.7,6,50,8,38,325,59,6.6,1579168800,0.7,171,4.0,1579168800,-0.7,1579129200,2.5,2.5,984,final,81.8,998,5.5,,4,155,1206,197,104,2.1,1579129200,171,12.4,2.8
17,100,2020-01-17,0.1,7,53,9,38,334,61,7.1,1579266000,0.4,123,2.4,1579266000,1.1,1579222800,1.5,1.5,989,final,80.1,1003,0.0,,2,162,1268,210,52,3.3,1579215600,123,6.4,1.8
18,97,2020-01-18,-1.1,7,56,9,39,343,64,5.2,1579309200,0.4,169,4.0,1579309200,-0.8,1579338000,0.0,0.0,987,final,89.2,1001,0.0,,2,168,1333,224,42,0.5,1579302000,169,8.0,1.7
19,98,2020-01-19,0.8,7,58,10,40,351,67,4.6,1579399200,0.7,237,7.2,1579399200,2.2,1579388400,11.5,11.5,1006,final,83.0,1021,0.0,,3,175,1399,238,78,3.4,1579388400,237,17.2,5.0
20,100,2020-01-20,5.8,8,61,11,41,360,70,13.1,1579528800,0.4,242,8.8,1579528800,3.0,1579474800,22.5,22.5,1001,final,84.6,1016,0.0,,2,181,1467,254,49,8.3,1579474800,242,21.2,6.2
21,97,2020-01-21,1.0,8,64,11,42,369,74,9.3,1579561200,0.4,266,7.2,1579561200,0.8,1579622400,10.5,10.5,1001,final,86.1,1015,0.0,,2,188,1536,270,53,3.1,1579561200,266,22.0,6.4
22,83,2020-01-22,-0.5,8,67,12,43,378,77,3.1,1579651200,0.5,261,6.4,1579651200,0.7,1579687200,6.0,6.0,1008,final,81.7,1023,0.0,,5,194,1605,287,115,2.3,1579647600,261,20.8,4.6
23,99,2020-01-23,1.7,8,70,13,44,387,81,7.6,1579780800,0.4,223,6.0,1579780800,0.7,1579741200,12.0,12.0,994,final,84.5,1009,4.0,,2,201,1675,305,58,4.0,1579734000,223,16.0,3.9
24,91,2020-01-24,-0.1,9,73,13,44,396,84,4.5,1579827600,0.4,248,6.4,1579827600,-0.2,1579863600,12.0,12.0,986,final,87.0,1000,9.0,,3,208,1745,324,70,1.9,1579820400,248,21.6,5.2
25,99,2020-01-25,-0.1,9,76,14,45,406,88,4.1,1579989600,0.4,201,5.2,1579989600,-0.5,1579906800,10.0,10.0,987,final,88.8,1001,11.0,,1,214,1816,343,34,1.6,1579906800,201,16.0,2.7
26,100,2020-01-26,2.4,9,79,15,46,415,92,7.0,1580011200,0.4,161,4.8,1580011200,0.7,1580076000,7.0,7.0,984,final,89.2,998,0.0,,2,221,1886,364,44,4.0,1579993200,161,10.4,2.1
27,100,2020-01-27,-0.7,9,81,16,47,424,96,4.0,1580158800,0.4,108,2.0,1580158800,-1.1,1580140800,0.0,0.0,980,final,88.9,994,0.0,,3,227,1955,385,68,1.0,1580079600,108,5.2,1.4
28,90,2020-01-28,-3.5,10,84,17,48,433,100,1.6,1580212800,1.0,127,2.8,1580212800,-4.1,1580241600,2.0,2.0,977,final,84.5,991,34.5,,13,234,2025,407,322,-1.2,1580166000,127,5.2,1.9
29,98,2020-01-29,-2.6,10,87,18,49,442,105,2.4,1580266800,0.4,90,3.6,1580266800,-3.7,1580252400,0.0,0.0,977,final,80.0,991,0.0,,4,241,2093,429,107,0.5,1580252400,90,9.6,3.0
30,77,2020-01-30,-3.1,10,90,19,50,451,109,2.8,1580389200,1.2,109,3.6,1580389200,-2.6,1580407200,0.0,0.0,977,final,81.8,991,0.0,,18,247,2162,453,428,-0.4,1580338800,109,8.4,1.8
31,83,2020-01-31,-3.0,11,93,20,51,460,113,5.6,1580482800,0.4,157,5.6,1580482800,-1.7,1580436000,1.5,1.5,969,final,66.8,983,0.0,,5,256,2229,477,120,2.6,1580425200,157,14.0,4.1
